ChEBI ID	Name	InChI Key	rdkit InChI Key
CHEBI:10115	zingiberene	KKOXKGNSUHTUBV-LSDHHAIUSA-N	KKOXKGNSUHTUBV-LSDHHAIUSA-N
CHEBI:10213	alpha-amyrin	FSLPMRQHCOLESF-SFMCKYFRSA-N	FSLPMRQHCOLESF-SFMCKYFRSA-N
CHEBI:10216	cedr-8-ene	IRAQOCYXUMOFCW-OSFYFWSMSA-N	IRAQOCYXUMOFCW-OSFYFWSMSA-N
CHEBI:10221	alpha-copaene	VLXDPFLIRFYIME-XIQJJJERSA-N	VLXDPFLIRFYIME-XIQJJJERSA-N
CHEBI:10278	alpha-eudesmol	FCSRUSQUAVXUKK-VNHYZAJKSA-N	FCSRUSQUAVXUKK-VNHYZAJKSA-N
CHEBI:10280	(E,E)-alpha-farnesene	CXENHBSYCFFKJS-VDQVFBMKSA-N	CXENHBSYCFFKJS-VDQVFBMKSA-N
CHEBI:10334	alpha-terpinene	YHQGMYUVUMAZJR-UHFFFAOYSA-N	YHQGMYUVUMAZJR-UHFFFAOYSA-N
CHEBI:10352	beta-amyrin	JFSHUTJDVKUMTJ-QHPUVITPSA-N	JFSHUTJDVKUMTJ-QHPUVITPSA-N
CHEBI:10357	(-)-beta-caryophyllene	NPNUFJAVOOONJE-GFUGXAQUSA-N	NPNUFJAVOOONJE-GFUGXAQUSA-N
CHEBI:10363	beta-cubebene	FSRZGYRCMPZNJF-KHMAMNHCSA-N	FSRZGYRCMPZNJF-KHMAMNHCSA-N
CHEBI:10417	beta-eudesmol	BOPIMTNSYWYZOC-VNHYZAJKSA-N	BOPIMTNSYWYZOC-VNHYZAJKSA-N
CHEBI:10418	trans-beta-farnesene	JSNRRGGBADWTMC-NTCAYCPXSA-N	JSNRRGGBADWTMC-NTCAYCPXSA-N
CHEBI:10440	(-)-beta-santalene	PGBNIHXXFQBCPU-ILXRZTDVSA-N	PGBNIHXXFQBCPU-ILXRZTDVSA-N
CHEBI:10443	(+)-beta-selinene	YOVSPTNQHMDJAG-QLFBSQMISA-N	YOVSPTNQHMDJAG-QLFBSQMISA-N
CHEBI:10577	gamma-terpinene	YKFLAYDHMOASIY-UHFFFAOYSA-N	YKFLAYDHMOASIY-UHFFFAOYSA-N
CHEBI:10782	(S)-(-)-perillyl alcohol	NDTYTMIUWGWIMO-SNVBAGLBSA-N	NDTYTMIUWGWIMO-SNVBAGLBSA-N
CHEBI:1156	2-hydroxyestrone	SWINWPBPEKHUOD-JPVZDGGYSA-N	SWINWPBPEKHUOD-JPVZDGGYSA-N
CHEBI:128	(S)-(-)-alpha-terpineol	WUOACPNHFRMFPN-SECBINFHSA-N	WUOACPNHFRMFPN-SECBINFHSA-N
CHEBI:128753	(2E)-4-hydroxy-3-methylbut-2-enyl diphosphate(3-)	MDSIZRKJVDMQOQ-GORDUTHDSA-K	MDSIZRKJVDMQOQ-GORDUTHDSA-K
CHEBI:128769	isopentenyl diphosphate(3-)	NUHSROFQTUXZQQ-UHFFFAOYSA-K	NUHSROFQTUXZQQ-UHFFFAOYSA-K
CHEBI:129	(-)-beta-phellandrene	LFJQCDVYDGGFCH-SNVBAGLBSA-N	LFJQCDVYDGGFCH-SNVBAGLBSA-N
CHEBI:131856	3,5-dimethylorsellinate	NZGSNQJCTOMELT-UHFFFAOYSA-M	NZGSNQJCTOMELT-UHFFFAOYSA-M
CHEBI:131857	(3R)-farnesyl-2,3,5-trimethyl-6-oxido-4-oxocyclohexa-1,5-diene-1-carboxylate	BAJLPQKQXYOBIY-MNPZXIHOSA-L	BAJLPQKQXYOBIY-MNPZXIHOSA-L
CHEBI:131964	(14S,15R)-EET(1-)	JBSCUHKPLGKXKH-KZTFMOQPSA-M	JBSCUHKPLGKXKH-KZTFMOQPSA-M
CHEBI:131965	(14R,15S)-EET(1-)	JBSCUHKPLGKXKH-LLZJRKGESA-M	JBSCUHKPLGKXKH-LLZJRKGESA-M
CHEBI:131969	(11S,12R)-EET(1-)	DXOYQVHGIODESM-LZXKBWHHSA-M	DXOYQVHGIODESM-LZXKBWHHSA-M
CHEBI:131970	(11R,12S)-EET(1-)	DXOYQVHGIODESM-MFYAFOOZSA-M	DXOYQVHGIODESM-MFYAFOOZSA-M
CHEBI:131974	(8S,9R)-EET(1-)	DBWQSCSXHFNTMO-ZZMPYBMWSA-M	DBWQSCSXHFNTMO-ZZMPYBMWSA-M
CHEBI:131975	(8R,9S)-EET(1-)	DBWQSCSXHFNTMO-QJVNBQAESA-M	DBWQSCSXHFNTMO-QJVNBQAESA-M
CHEBI:132024	19-HETrE(1-)	GXGFNSDOYGEKLT-OFROGHSZSA-M	GXGFNSDOYGEKLT-OFROGHSZSA-M
CHEBI:132025	21-HDoHE(1-)	IXAMNXQQWDOFMN-NZONWQNASA-M	IXAMNXQQWDOFMN-NZONWQNASA-M
CHEBI:132830	delta-elemene	MXDMETWAEGIFOE-CABCVRRESA-N	MXDMETWAEGIFOE-CABCVRRESA-N
CHEBI:132831	beta-maaliene	UPGLJTCDRBIZKP-KYOSRNDESA-N	UPGLJTCDRBIZKP-KYOSRNDESA-N
CHEBI:133345	10-HETE(1-)	ZUOCVLADVGGUGH-OVMCANAPSA-M	ZUOCVLADVGGUGH-OVMCANAPSA-M
CHEBI:136410	(4Z,7Z,10Z,13Z,16Z,19R,20S)-19,20-epoxydocosapentaenoate	OSXOPUBJJDUAOJ-SDRHCZSHSA-M	OSXOPUBJJDUAOJ-SDRHCZSHSA-M
CHEBI:136411	(4Z,7Z,10Z,13Z,16Z,19S,20R)-19,20-epoxydocosapentaenoate	OSXOPUBJJDUAOJ-MWEXLPNRSA-M	OSXOPUBJJDUAOJ-MWEXLPNRSA-M
CHEBI:136439	(5Z,11Z,14Z,17Z)-8,9-epoxyicosatetraenoate	YKIOHMXLFWMWKD-JJUYGIQRSA-M	YKIOHMXLFWMWKD-JJUYGIQRSA-M
CHEBI:136441	(5Z,8Z,14Z,17Z)-11,12-epoxyicosatetraenoate	QHOKDYBJJBDJGY-BVILWSOJSA-M	QHOKDYBJJBDJGY-BVILWSOJSA-M
CHEBI:136443	(5Z,8Z,11Z,17Z)-14,15-epoxyicosatetraenoate	RGZIXZYRGZWDMI-QXBXTPPVSA-M	RGZIXZYRGZWDMI-QXBXTPPVSA-M
CHEBI:136524	13-HETE(1-)	SAKQICHVWOJSNI-BWWNDVLWSA-M	SAKQICHVWOJSNI-BWWNDVLWSA-M
CHEBI:136654	13(S)-HETE(1-)	SAKQICHVWOJSNI-ABTNKUQXSA-M	SAKQICHVWOJSNI-ABTNKUQXSA-M
CHEBI:136655	13(R)-HODE(1-)	HNICUWMFWZBIFP-PIHGWCCBSA-M	HNICUWMFWZBIFP-PIHGWCCBSA-M
CHEBI:13705	acetoacetate	WDJHALXBUFZDSR-UHFFFAOYSA-M	WDJHALXBUFZDSR-UHFFFAOYSA-M
CHEBI:137522	(+)-isoafricanol	KVFZUTBKAXAVDX-CYHVGBIXSA-N	KVFZUTBKAXAVDX-CYHVGBIXSA-N
CHEBI:137523	(-)-spiroviolene	RCIADIYJKCSKCC-WRRKAJKMSA-N	RCIADIYJKCSKCC-YNGBHSAQSA-N
CHEBI:137528	tsukubadiene	JZGOFJIAHJJJDK-ICZJPRMTSA-N	JZGOFJIAHJJJDK-ICZJPRMTSA-N
CHEBI:137530	(2S,3R,6S,9S)-(-)-protoillud-7-ene	XVBFDFFOYTTYHD-OSFYFWSMSA-N	XVBFDFFOYTTYHD-OSFYFWSMSA-N
CHEBI:137531	(3S)-(+)-asterisca-2(9),6-diene	CXGSNSSJAGLQTG-DSDFTUOUSA-N	CXGSNSSJAGLQTG-DSDFTUOUSA-N
CHEBI:137533	(-)-alpha-amorphene	QMAYBMKBYCGXDH-SOUVJXGZSA-N	QMAYBMKBYCGXDH-SOUVJXGZSA-N
CHEBI:137535	(+)-corvol ether A	WNZXPDXXLQCXHX-NJVJYBDUSA-N	WNZXPDXXLQCXHX-NJVJYBDUSA-N
CHEBI:137536	(+)-corvol ether B	SWPWNLQMJDQTRD-XPABHHOTSA-N	SWPWNLQMJDQTRD-XPABHHOTSA-N
CHEBI:137562	(+)-eremophilene	QEBNYNLSCGVZOH-IPYPFGDCSA-N	QEBNYNLSCGVZOH-IPYPFGDCSA-N
CHEBI:137563	(1R,4R,5S)-(-)-guaia-6,10(14)-diene	QCESRPKOTSPFAU-VHDGCEQUSA-N	QCESRPKOTSPFAU-VHDGCEQUSA-N
CHEBI:137564	(+)-(1(10)E,4E,6S,7R)-germacradien-6-ol	PXMCURAOQSNMOZ-AHNWEQDZSA-N	PXMCURAOQSNMOZ-AHNWEQDZSA-N
CHEBI:137565	(3E,7E)-dolabella-3,7-dien-18-ol	OEBBSSBZPLXOHC-HJHANVIFSA-N	OEBBSSBZPLXOHC-HJHANVIFSA-N
CHEBI:138037	10-epi-juneol	MSJJKJCIFIGTJY-XGUBFFRZSA-N	MSJJKJCIFIGTJY-XGUBFFRZSA-N
CHEBI:138039	(3E,7E)-dolathalia-3,7,11-triene	KDEVGDLVYKBTQM-WPNGSOMFSA-N	KDEVGDLVYKBTQM-WPNGSOMFSA-N
CHEBI:138040	7-epi-alpha-eudesmol	FCSRUSQUAVXUKK-KCQAQPDRSA-N	FCSRUSQUAVXUKK-KCQAQPDRSA-N
CHEBI:138041	(+)-4-epi-cubebol	KONGRWVLXLWGDV-DEPYFDJDSA-N	KONGRWVLXLWGDV-DEPYFDJDSA-N
CHEBI:138042	tau-cadinol	LHYHMMRYTDARSZ-XQLPTFJDSA-N	LHYHMMRYTDARSZ-XQLPTFJDSA-N
CHEBI:138043	(2E,6E)-hedycaryol	SDMLCXJKAYFHQM-MKJLVJGCSA-N	SDMLCXJKAYFHQM-MKJLVJGCSA-N
CHEBI:138044	(2Z,6E)-hedycaryol	SDMLCXJKAYFHQM-NCUXMUJLSA-N	SDMLCXJKAYFHQM-NCUXMUJLSA-N
CHEBI:138045	(-)-10-epi-cubebol	KONGRWVLXLWGDV-RODWMJHOSA-N	KONGRWVLXLWGDV-RODWMJHOSA-N
CHEBI:138046	sesterfisherol	VQMHZILKNHUAMP-AISFCYSSSA-N	VQMHZILKNHUAMP-AISFCYSSSA-N
CHEBI:138047	beta-thujene	GJYKUZUTZNTBEC-UHFFFAOYSA-N	GJYKUZUTZNTBEC-UHFFFAOYSA-N
CHEBI:138048	stellata-2,6,19-triene	JFQLHYSXZPELNV-LNYIGJDBSA-N	JFQLHYSXZPELNV-LNYIGJDBSA-N
CHEBI:138049	guaia-4,6-diene	HLXDFKWNOTZIEI-UHFFFAOYSA-N	HLXDFKWNOTZIEI-UHFFFAOYSA-N
CHEBI:138050	pseudolaratriene	FUOLWDALQQTTKB-OHAZERQJSA-N	FUOLWDALQQTTKB-OHAZERQJSA-N
CHEBI:138051	selina-4(15),7(11)-diene	RMZHSBMIZBMVMN-LSDHHAIUSA-N	RMZHSBMIZBMVMN-LSDHHAIUSA-N
CHEBI:138165	(+)-(2S,3R,9R)-pristinol	PXKJCWZAMAFFIW-GLBIRDDMSA-N	PXKJCWZAMAFFIW-GLBIRDDMSA-N
CHEBI:138166	nezukol	IYDAPILQPCDHTO-HHUCQEJWSA-N	IYDAPILQPCDHTO-HHUCQEJWSA-N
CHEBI:138167	5-hydroxy-alpha-gurjunene	OHFMYRJCMYNZKO-KUKPGQNJSA-N	OHFMYRJCMYNZKO-KUKPGQNJSA-N
CHEBI:138219	ent-atiserene	LFRRHLVVLXYROS-YQXATGRUSA-N	LFRRHLVVLXYROS-YQXATGRUSA-N
CHEBI:138223	ent-copal-8-ol diphosphate(3-)	ZDGVATANBJCRHY-BVVYIIRBSA-K	ZDGVATANBJCRHY-BVVYIIRBSA-K
CHEBI:138224	(13R)-epi-8,13-epoxylabd-14-ene	IGGWKHQYMAJOHK-QVHQYWGISA-N	IGGWKHQYMAJOHK-QVHQYWGISA-N
CHEBI:138226	beta-geranylfarnesene	ZAENFYLULMRPFH-ITTVFDGXSA-N	ZAENFYLULMRPFH-ITTVFDGXSA-N
CHEBI:138227	beta-hexaprene	HVNMFMZGDPZXND-ICZYJQKRSA-N	HVNMFMZGDPZXND-ICZYJQKRSA-N
CHEBI:138228	beta-heptaprene	YNWDINKHLIWBQT-YDTSVZKTSA-N	YNWDINKHLIWBQT-YDTSVZKTSA-N
CHEBI:138232	peregrinol diphosphate(3-)	BXBWAHVSCRSIHO-UEHSRLBXSA-K	BXBWAHVSCRSIHO-UEHSRLBXSA-K
CHEBI:138233	9,13(R)-epoxylabd-14-ene	YFIVBYGSVFHTOP-XIHRTOKZSA-N	YFIVBYGSVFHTOP-XIHRTOKZSA-N
CHEBI:138234	(13R)-manoyl oxide	IGGWKHQYMAJOHK-CZKCSJLSSA-N	IGGWKHQYMAJOHK-CZKCSJLSSA-N
CHEBI:138247	cycloaraneosene	RROMSRXZXPWQPJ-QEEHTWDDSA-N	RROMSRXZXPWQPJ-QEEHTWDDSA-N
CHEBI:138301	labda-7,13(16),14-triene	KRSHQVOXPYIJQR-CMKODMSKSA-N	KRSHQVOXPYIJQR-CMKODMSKSA-N
CHEBI:138302	(12E)-labda-8(17),12,14-triene	VJVMMXUPZGOBSN-DIUMXTPXSA-N	VJVMMXUPZGOBSN-DIUMXTPXSA-N
CHEBI:138303	alpha-onocerin	GESZMTVZGWZBPW-IHIDZKKCSA-N	GESZMTVZGWZBPW-IHIDZKKCSA-N
CHEBI:138305	(21S)-21,22-epoxypolypoda-8(26)-13,17-trien-3beta-ol	YOXYJGZFQYXPHZ-AEBUGLRVSA-N	YOXYJGZFQYXPHZ-AEBUGLRVSA-N
CHEBI:138307	(3S,22S)-2,3:22,23-diepoxy-2,3,22,23-tetrahydrosqualene	KABSNIWLJXCBGG-OQSIWNGOSA-N	KABSNIWLJXCBGG-OQSIWNGOSA-N
CHEBI:138310	(-)-kolavenyl diphosphate(3-)	LKJRXYMJDDAXEN-UUMJGGROSA-K	LKJRXYMJDDAXEN-UUMJGGROSA-K
CHEBI:138311	(+)-kolavenyl diphosphate(3-)	LKJRXYMJDDAXEN-LZLHAIBVSA-K	LKJRXYMJDDAXEN-LZLHAIBVSA-K
CHEBI:138383	(4S,7R)-7-isopropyl-4-methyloxepan-2-one	GGAXPLCKKANQED-DTWKUNHWSA-N	GGAXPLCKKANQED-DTWKUNHWSA-N
CHEBI:138596	(4S,7S)-7-hydroxy-4-isopropenyl-7-methyloxepan-2-one	ZZVPZXLETLTSEB-WPRPVWTQSA-N	ZZVPZXLETLTSEB-WPRPVWTQSA-N
CHEBI:138597	(4R,7R)-7-hydroxy-4-isopropenyl-7-methyloxepan-2-one	ZZVPZXLETLTSEB-PSASIEDQSA-N	ZZVPZXLETLTSEB-PSASIEDQSA-N
CHEBI:138656	rhizathalene A	IIMQNFIZNZKEMW-SWBPCFCJSA-N	IIMQNFIZNZKEMW-SWBPCFCJSA-N
CHEBI:138726	3'-unsubstituted flavone		
CHEBI:139032	nerylneryl diphosphate(3-)	OINNEUNVOZHBOX-XBQSVVNOSA-K	OINNEUNVOZHBOX-XBQSVVNOSA-K
CHEBI:139494	beta-pinacene	UJUWZMUCEGGBOH-FAZZLAFVSA-N	UJUWZMUCEGGBOH-FAZZLAFVSA-N
CHEBI:140184	hydroxyfenbendazole	KFNQNAKZKBFJAZ-UHFFFAOYSA-N	KFNQNAKZKBFJAZ-UHFFFAOYSA-N
CHEBI:140564	delta-cadinene	FUCYIEXQVQJBKY-ZFWWWQNUSA-N	FUCYIEXQVQJBKY-UHFFFAOYSA-N
CHEBI:141020	cyclooctat-9-en-5,7-diol	PAGWWOOUBKDVRF-NNLKJMRESA-N	PAGWWOOUBKDVRF-NNLKJMRESA-N
CHEBI:141283	(6E)-nerolidol	FQTLCLSUCSAZDY-SDNWHVSQSA-N	FQTLCLSUCSAZDY-SDNWHVSQSA-N
CHEBI:141820	3beta-hydroxy-15,16-epoxydolabrene	JPGKQPWEFBWKDM-XVMBTQODSA-N	JPGKQPWEFBWKDM-XVMBTQODSA-N
CHEBI:141821	15,16-epoxydolabrene	MDUIQYUVECBDRX-LBNFNQNDSA-N	MDUIQYUVECBDRX-LBNFNQNDSA-N
CHEBI:141822	dolabradiene	GHYZJFFJSPZRIU-OUUBHVDSSA-N	GHYZJFFJSPZRIU-OUUBHVDSSA-N
CHEBI:141852	zealexin A1(1-)	IQKSHFZTCNUYOT-LLVKDONJSA-M	IQKSHFZTCNUYOT-LLVKDONJSA-M
CHEBI:142491	R-H		
CHEBI:142536	7-epi-ent-eudesmane-5,11-diol	DUMZYTYPNQNWMU-NEBZKDRISA-N	DUMZYTYPNQNWMU-NEBZKDRISA-N
CHEBI:142537	(-)-5-epi-eremophilene	QEBNYNLSCGVZOH-GUTXKFCHSA-N	QEBNYNLSCGVZOH-GUTXKFCHSA-N
CHEBI:142541	hydropyrene	SRSMHCPRTXUJJM-KAHIACEGSA-N	SRSMHCPRTXUJJM-KAHIACEGSA-N
CHEBI:142542	hydropyrenol	QMUQTWJCAUSPCE-LZAHKMPMSA-N	QMUQTWJCAUSPCE-LZAHKMPMSA-N
CHEBI:142543	isoelisabethatriene	UICVRWIQUTTXLD-LMMKCTJWSA-N	UICVRWIQUTTXLD-LMMKCTJWSA-N
CHEBI:142592	(E)-non-2-enal	BSAIUMLZVGUGKX-BQYQJAHWSA-N	BSAIUMLZVGUGKX-BQYQJAHWSA-N
CHEBI:143197	culmorin	VWMGBHVRRNKOAE-ZLSAFIHNSA-N	VWMGBHVRRNKOAE-ZLSAFIHNSA-N
CHEBI:143550	sesquisabinene B	DYUSFBWNOCHOFP-RRFJBIMHSA-N	DYUSFBWNOCHOFP-RRFJBIMHSA-N
CHEBI:143551	sesquisabinene A	DYUSFBWNOCHOFP-RBSFLKMASA-N	DYUSFBWNOCHOFP-RBSFLKMASA-N
CHEBI:143779	valerianol	MQWIFDHBNGIVPO-KYOSRNDESA-N	MQWIFDHBNGIVPO-KYOSRNDESA-N
CHEBI:143898	(R,R)-chrysanthemol	HIPIENNKVJCMAP-RKDXNWHRSA-N	HIPIENNKVJCMAP-RKDXNWHRSA-N
CHEBI:143905	dihydroartemisinate	JYGAZEJXUVDYHI-DGTMBMJNSA-M	JYGAZEJXUVDYHI-DGTMBMJNSA-M
CHEBI:143908	(E)-non-2-enoate	ADLXTJMPCFOTOO-BQYQJAHWSA-M	ADLXTJMPCFOTOO-BQYQJAHWSA-M
CHEBI:143949	(R)-lavandulyl diphosphate(3-)	LHLLBECTIHFNGQ-JTQLQIEISA-K	LHLLBECTIHFNGQ-JTQLQIEISA-K
CHEBI:143951	(Z,S)-jasmolone	SVRKACAGHUZSGU-LWTINBJPSA-N	SVRKACAGHUZSGU-LWTINBJPSA-N
CHEBI:143952	(Z,S)-cinerolone	YLKLJBPHNWWPSF-TYRPZCRBSA-N	YLKLJBPHNWWPSF-TYRPZCRBSA-N
CHEBI:144481	(S)-8-oxocitronellyl enol	CUVKIWGKVWHEEO-BVRNBXKUSA-N	CUVKIWGKVWHEEO-BVRNBXKUSA-N
CHEBI:145543	viteagnusin D	QNIUYBRZAVVKNV-NJNUCJBSSA-N	QNIUYBRZAVVKNV-NJNUCJBSSA-N
CHEBI:145549	labd-13(16),14-diene-9-ol	PDMYSSCHAFCEEN-LCLWPZTBSA-N	PDMYSSCHAFCEEN-LCLWPZTBSA-N
CHEBI:145566	syn-isopimara-7,15-diene	VCOVNILQQQZROK-LCLWPZTBSA-N	VCOVNILQQQZROK-LCLWPZTBSA-N
CHEBI:145806	(R)-(+)-perillyl alcohol	NDTYTMIUWGWIMO-JTQLQIEISA-N	NDTYTMIUWGWIMO-JTQLQIEISA-N
CHEBI:146152	ilicicolinate B	QPIZDZGIXDKCRC-JTCWOHKRSA-M	QPIZDZGIXDKCRC-JTCWOHKRSA-M
CHEBI:146153	ilicicolin B	QAPOXOGEDXIOHD-VZRGJMDUSA-N	QAPOXOGEDXIOHD-VZRGJMDUSA-N
CHEBI:146154	ilicicolin A(1-)	MHWOMRMBQGSTFS-JTCWOHKRSA-M	MHWOMRMBQGSTFS-JTCWOHKRSA-M
CHEBI:146155	ilicicolin A epoxide(1-)	LMVCGMIGVKSDEQ-LHDPSMIPSA-M	LMVCGMIGVKSDEQ-LHDPSMIPSA-M
CHEBI:146156	ilicicolin C(1-)	IJEHYEVNWOYGMS-WGUBEYSISA-M	IJEHYEVNWOYGMS-WGUBEYSISA-M
CHEBI:146157	ascochlorin(1-)	SETVRSKZJJWOPA-FLDGXQSCSA-M	SETVRSKZJJWOPA-FLDGXQSCSA-M
CHEBI:146158	16-hydroxy-ilicicolin A epoxide(1-)	DQMDYVQTDVZQLV-UZFWGDPLSA-M	DQMDYVQTDVZQLV-UZFWGDPLSA-M
CHEBI:146159	ascofuranol(1-)	YHXSUSPTGLHIRR-UZFWGDPLSA-M	YHXSUSPTGLHIRR-UZFWGDPLSA-M
CHEBI:146160	ascofuranone(1-)	VGYPZLGWVQQOST-JUERRSSISA-M	VGYPZLGWVQQOST-JUERRSSISA-M
CHEBI:149665	(5S,9S,10S)-drim-7-en-11-yl diphosphate(3-)	SSOUWUHBWJPFIP-KCQAQPDRSA-K	SSOUWUHBWJPFIP-KCQAQPDRSA-K
CHEBI:149703	nicotinyl-CoA(4-)	UORAOPAXZXNLTD-MJQNIGQHSA-J	UORAOPAXZXNLTD-MJQNIGQHSA-J
CHEBI:149707	2-oxo-6-(pyridin-3-yl)-2H-pyran-4-olate	HWOWEGAQDKKHDR-UHFFFAOYSA-M	HWOWEGAQDKKHDR-UHFFFAOYSA-M
CHEBI:149708	2-oxo-3-[(2E,6E)-farnesyl]-6-(pyridin-3-yl)-2H-pyran-4-olate	ZNJZUQFWKYQGPY-OPBVARBZSA-M	ZNJZUQFWKYQGPY-OPBVARBZSA-M
CHEBI:149709	2-oxo-3-[(8S)-epoxy-(2E,6E)-farnesyl]-6-(pyridin-3-yl)-2H-pyran-4-olate	RZIYORCRADGFNA-AWVGLTPVSA-M	RZIYORCRADGFNA-AWVGLTPVSA-M
CHEBI:149710	deacetylpyripyropene E	HOWVEDNNRUDLMG-XVFVLVJGSA-N	HOWVEDNNRUDLMG-XVFVLVJGSA-N
CHEBI:15382	(4R)-limonene	XMGQYMWWDOXHJM-JTQLQIEISA-N	XMGQYMWWDOXHJM-JTQLQIEISA-N
CHEBI:15383	(4S)-limonene	XMGQYMWWDOXHJM-SNVBAGLBSA-N	XMGQYMWWDOXHJM-SNVBAGLBSA-N
CHEBI:15384	limonene	XMGQYMWWDOXHJM-UHFFFAOYSA-N	XMGQYMWWDOXHJM-UHFFFAOYSA-N
CHEBI:15385	(+)-delta-cadinene	FUCYIEXQVQJBKY-ZFWWWQNUSA-N	FUCYIEXQVQJBKY-ZFWWWQNUSA-N
CHEBI:15388	(+)-trans-carveol	BAVONGHXFVOKBV-VHSXEESVSA-N	BAVONGHXFVOKBV-VHSXEESVSA-N
CHEBI:15389	(-)-trans-carveol	BAVONGHXFVOKBV-ZJUUUORDSA-N	BAVONGHXFVOKBV-ZJUUUORDSA-N
CHEBI:15392	(1R)-bornane-2,5-dione	UDIUFGIXIGLRSM-WKEGUHRASA-N	UDIUFGIXIGLRSM-WKEGUHRASA-N
CHEBI:15398	(+)-exo-5-hydroxycamphor	DJQYBVLXBVJHMU-PJKMHFRUSA-N	DJQYBVLXBVJHMU-PJKMHFRUSA-N
CHEBI:15399	(+)-carvone	ULDHMXUKGWMISQ-VIFPVBQESA-N	ULDHMXUKGWMISQ-VIFPVBQESA-N
CHEBI:154	(+)-dihydrocarvone	AZOCECCLWFDTAP-RKDXNWHRSA-N	AZOCECCLWFDTAP-RKDXNWHRSA-N
CHEBI:15400	(-)-carvone	ULDHMXUKGWMISQ-SECBINFHSA-N	ULDHMXUKGWMISQ-SECBINFHSA-N
CHEBI:15401	(+)-dihydrokaempferol	PADQINQHPQKXNL-LSDHHAIUSA-N	PADQINQHPQKXNL-LSDHHAIUSA-N
CHEBI:15405	(-)-endo-fenchol	IAIHUHQCLTYTSF-MRTMQBJTSA-N	IAIHUHQCLTYTSF-MRTMQBJTSA-N
CHEBI:15408	(-)-isopiperitenone	SEZLYIWMVRUIKT-SECBINFHSA-N	SEZLYIWMVRUIKT-SECBINFHSA-N
CHEBI:15410	(-)-menthone	NFLGAXVYCFJBMK-BDAKNGLRSA-N	NFLGAXVYCFJBMK-BDAKNGLRSA-N
CHEBI:15415	ent-kaurene	ONVABDHFQKWOSV-HPUSYDDDSA-N	ONVABDHFQKWOSV-HPUSYDDDSA-N
CHEBI:15420	perillyl alcohol	NDTYTMIUWGWIMO-UHFFFAOYSA-N	NDTYTMIUWGWIMO-UHFFFAOYSA-N
CHEBI:15421	perillyl aldehyde	RUMOYJJNUMEFDD-UHFFFAOYSA-N	RUMOYJJNUMEFDD-UHFFFAOYSA-N
CHEBI:15440	squalene	YYGNTYWPHWGJRM-AAJYLUCBSA-N	YYGNTYWPHWGJRM-AAJYLUCBSA-N
CHEBI:15441	(S)-2,3-epoxysqualene	QYIMSPSDBYKPPY-RSKUXYSASA-N	QYIMSPSDBYKPPY-RSKUXYSASA-N
CHEBI:155906	dauca-4,7-diene	BHSLMCXELUOVBY-HUUCEWRRSA-N	BHSLMCXELUOVBY-HUUCEWRRSA-N
CHEBI:155907	asperaculane D(1-)	KFDDUAXEWGCSIT-QXFGWPSGSA-M	KFDDUAXEWGCSIT-QXFGWPSGSA-M
CHEBI:155909	asperaculane E(1-)	UBTZCHHLMCBTIV-WDHFGGHWSA-M	UBTZCHHLMCBTIV-WDHFGGHWSA-M
CHEBI:155910	aculene D	IIQOUDJDCRTCJY-MBNYWOFBSA-N	IIQOUDJDCRTCJY-MBNYWOFBSA-N
CHEBI:155911	asperaculane G(1-)	SFKVYZKKPMSRCR-JBOWGTNDSA-M	SFKVYZKKPMSRCR-JBOWGTNDSA-M
CHEBI:155912	aculene C	UCCFSWQSMDQYHO-GXTWGEPZSA-N	UCCFSWQSMDQYHO-GXTWGEPZSA-N
CHEBI:155913	aculene B(1+)	DLPUOZGNMZKXKB-YEWFCNIMSA-O	DLPUOZGNMZKXKB-YEWFCNIMSA-O
CHEBI:155914	aculene A(1+)	LOOAMPJDSIVZQC-IEZWGBDMSA-O	LOOAMPJDSIVZQC-IEZWGBDMSA-O
CHEBI:156223	(-)-delta-cadinol	LHYHMMRYTDARSZ-ZQDZILKHSA-N	LHYHMMRYTDARSZ-ZQDZILKHSA-N
CHEBI:156237	phomopsene	WFXPJSKWJXCYJM-TWRRNRRFSA-N	WFXPJSKWJXCYJM-TWRRNRRFSA-N
CHEBI:156343	preaustinoid A2	SGTJQTPUMKGFFZ-RFMSQVAGSA-N	SGTJQTPUMKGFFZ-RFMSQVAGSA-N
CHEBI:156346	preaustinoid A3	HYHJAMQARBFCBV-RXBPMRIASA-N	HYHJAMQARBFCBV-RXBPMRIASA-N
CHEBI:156350	protoaustinoid A	RYGSIWHMOJZNHQ-LXDQHLFBSA-N	RYGSIWHMOJZNHQ-LXDQHLFBSA-N
CHEBI:156380	protoaustinoid B	GHUUUTISLYNCMY-SGMCZAPESA-N	GHUUUTISLYNCMY-SGMCZAPESA-N
CHEBI:156409	verruculide C	SEDUMZIDOXQAEK-NDHADCBJSA-N	SEDUMZIDOXQAEK-NDHADCBJSA-N
CHEBI:156410	verruculide C epoxide	XTABYFFFAONWLS-YDIHSEQDSA-N	XTABYFFFAONWLS-YDIHSEQDSA-N
CHEBI:156411	3-hydroxypentacecilide A	LUDRFZYCQUZPEW-VAVZLDKJSA-N	LUDRFZYCQUZPEW-VAVZLDKJSA-N
CHEBI:156412	chrodrimanin C	CFWQLQINZAVWGP-IZCXAEKASA-N	CFWQLQINZAVWGP-IZCXAEKASA-N
CHEBI:156413	verruculide A	KSQRSKKEHRYRCT-IZCXAEKASA-N	KSQRSKKEHRYRCT-IZCXAEKASA-N
CHEBI:156414	chrodrimanin T	ZQEZDIWZMVYYDQ-FCGGSIJASA-N	ZQEZDIWZMVYYDQ-FCGGSIJASA-N
CHEBI:156415	chrodrimanin F	YMGGKEHLQJSJSU-CJVWRCMMSA-N	YMGGKEHLQJSJSU-CJVWRCMMSA-N
CHEBI:156416	chrodrimanin H	FWXJBWSYMUZVRM-GIOGGLKRSA-N	FWXJBWSYMUZVRM-GIOGGLKRSA-N
CHEBI:156417	chrodrimanin E	AUYPZMROTWAQMT-GIOGGLKRSA-N	AUYPZMROTWAQMT-GIOGGLKRSA-N
CHEBI:156418	chrodrimanin A	KCLJXKIILUZVBN-WREWNJFMSA-N	KCLJXKIILUZVBN-WREWNJFMSA-N
CHEBI:156420	chrodrimanin B	DYQKBALSPZQWQD-FWEFFTEASA-N	DYQKBALSPZQWQD-FWEFFTEASA-N
CHEBI:156459	asnovolin A	GUSKPTPZRRTGAQ-IGZQQFENSA-N	GUSKPTPZRRTGAQ-IGZQQFENSA-N
CHEBI:156460	novofumigatonin	SWGQNGCZUALAAZ-VCGJBDIASA-N	SWGQNGCZUALAAZ-VCGJBDIASA-N
CHEBI:156464	chermesin D(1-)	WZDKBDIIRCLIKU-MNKLQMRISA-N	YBYNSKQXIRSCQF-CQOOHDILSA-M
CHEBI:156465	asnovolin H(1-)	HZEVYBOSABKEMZ-CQUVUHMISA-N	IPYDBSMFYHWPBT-ACHAHUHRSA-M
CHEBI:15861	trichodiene	YFLSTROSSKYYNK-CABCVRRESA-N	YFLSTROSSKYYNK-CABCVRRESA-N
CHEBI:16113	cholesterol	HVYWMOMLDIMFJA-DPAQBDIFSA-N	HVYWMOMLDIMFJA-DPAQBDIFSA-N
CHEBI:16162	o-orsellinate	AMKYESDOVDKZKV-UHFFFAOYSA-M	AMKYESDOVDKZKV-UHFFFAOYSA-M
CHEBI:162247	2-cis,6-trans-farnesyl diphosphate(3-)	VWFJDQUYCIWHTN-PVMFERMNSA-K	VWFJDQUYCIWHTN-PVMFERMNSA-K
CHEBI:16368	6-hydroxymellein	DHLPMLVSBRRUGA-RXMQYKEDSA-N	DHLPMLVSBRRUGA-RXMQYKEDSA-N
CHEBI:16377	sabinene hydrate	KXSDPILWMGFJMM-UHFFFAOYSA-N	KXSDPILWMGFJMM-UHFFFAOYSA-N
CHEBI:16431	limonene 1,2-epoxide	CCEFMUBVSUDRLG-XNWIYYODSA-N	CCEFMUBVSUDRLG-UHFFFAOYSA-N
CHEBI:16458	triacetate lactone	NSYSSMYQPLSPOD-UHFFFAOYSA-N	NSYSSMYQPLSPOD-UHFFFAOYSA-N
CHEBI:16469	17beta-estradiol	VOXZDWNPVJITMN-ZBRFXRBCSA-N	VOXZDWNPVJITMN-ZBRFXRBCSA-N
CHEBI:16521	lanosterol	CAHGCLMLTWQZNJ-BQNIITSRSA-N	CAHGCLMLTWQZNJ-BQNIITSRSA-N
CHEBI:166	(+)-isodihydrocarvone	AZOCECCLWFDTAP-DTWKUNHWSA-N	AZOCECCLWFDTAP-DTWKUNHWSA-N
CHEBI:16619	(2-trans,6-trans)-farnesol	CRDAMVZIKSXKFV-YFVJMOTDSA-N	CRDAMVZIKSXKFV-YFVJMOTDSA-N
CHEBI:166670	Allo-Aromadendrene	ITYNGVSTWVVPIC-LRUBOHGLSA-N	ITYNGVSTWVVPIC-LRUBOHGLSA-N
CHEBI:167323	koraiol	CPLGPDHGFNXBOA-JVSQWTDWSA-N	CPLGPDHGFNXBOA-JVSQWTDWSA-N
CHEBI:167324	(-)-alpha-acorenol	XDVDHFJMCJWDPI-VNHYZAJKSA-N	XDVDHFJMCJWDPI-VNHYZAJKSA-N
CHEBI:167379	trichobrasilenol	DJBXKQSFHIRXRM-JRYBIPSHSA-N	DJBXKQSFHIRXRM-JRYBIPSHSA-N
CHEBI:167380	african-3-ene	LOWGZUQIXFZBPD-KYEXWDHISA-N	LOWGZUQIXFZBPD-KYEXWDHISA-N
CHEBI:167381	african-1-ene	FCQGZOYPTSMOOM-NDPMZMCLSA-N	FCQGZOYPTSMOOM-NDPMZMCLSA-N
CHEBI:167397	(-)-Aristolene	FOBXOZMHEKILEY-UHFFFAOYSA-N	FOBXOZMHEKILEY-UHFFFAOYSA-N
CHEBI:167398	1(10)-Aristolene	MBIPADCEHSKJDQ-UHFFFAOYSA-N	MBIPADCEHSKJDQ-UHFFFAOYSA-N
CHEBI:167454	stellatate	FSKFLBQJBSQQKA-DMZCBJAKSA-M	FSKFLBQJBSQQKA-DMZCBJAKSA-M
CHEBI:167511	preasperterpenoid A	LJBOQHBHJKFMQV-OMNLMRHKSA-N	LJBOQHBHJKFMQV-OMNLMRHKSA-N
CHEBI:167512	asperterpenoid A(1-)	IVOQOKYIPJPDKP-LQAIXYHKSA-M	IVOQOKYIPJPDKP-LQAIXYHKSA-M
CHEBI:167513	asperterpenoid B(2-)	VHYIXEUPLWPJOV-JZHZUCQKSA-L	VHYIXEUPLWPJOV-JZHZUCQKSA-L
CHEBI:167514	asperterpenoid C(1-)	HOJAIZSMUNKBJQ-SXFKLJQYSA-M	HOJAIZSMUNKBJQ-SXFKLJQYSA-M
CHEBI:167518	quiannulatene	KZVSASHATZZHHJ-SBISLLLRSA-N	KZVSASHATZZHHJ-SBISLLLRSA-N
CHEBI:167519	quiannulatate	XXBPHKHKRDOYCF-JSCOTLTNSA-M	XXBPHKHKRDOYCF-JSCOTLTNSA-M
CHEBI:167548	ophiobolin C	PLWMYIADTRHIMY-BNFAVABNSA-N	PLWMYIADTRHIMY-BNFAVABNSA-N
CHEBI:167682	(3R)-[(10S)-11-epoxyfarnesyl]-2,3,5-trimethyl-6-oxido-4-oxocyclohexa-1,5-diene-1-carboxylate	UAGATZVLKBZLFU-RKWYXZQCSA-L	UAGATZVLKBZLFU-RKWYXZQCSA-L
CHEBI:167683	asnovolin J	XKJJMXDQESYKLS-IGZQQFENSA-N	XKJJMXDQESYKLS-IGZQQFENSA-N
CHEBI:167684	asnovolin I(1-)	CQIYAXMUJHIADR-CQOOHDILSA-M	CQIYAXMUJHIADR-CQOOHDILSA-M
CHEBI:167685	asnovolin K	YQWBCSIREWBSHS-MNKLQMRISA-N	YQWBCSIREWBSHS-MNKLQMRISA-N
CHEBI:167687	fumigatonoid A	FKVSHWDGJOLCOC-QLDZKYQNSA-N	FKVSHWDGJOLCOC-QLDZKYQNSA-N
CHEBI:167688	fumigatonoid B	YEXJTWSPGCSJNA-WYVMSHAGSA-N	YEXJTWSPGCSJNA-WYVMSHAGSA-N
CHEBI:167689	fumigatonoid C	WIDQCQPZDGKHGX-DHFAPYKTSA-N	WIDQCQPZDGKHGX-DHFAPYKTSA-N
CHEBI:167691	chermesin D methyl ester	WZDKBDIIRCLIKU-MNKLQMRISA-N	WZDKBDIIRCLIKU-MNKLQMRISA-N
CHEBI:16832	kievitone	MERHMOCEIBOOMA-UHFFFAOYSA-N	MERHMOCEIBOOMA-UHFFFAOYSA-N
CHEBI:16980	geranial	WTEVQBCEXWBHNA-JXMROGBWSA-N	WTEVQBCEXWBHNA-JXMROGBWSA-N
CHEBI:169979	(+)-trans-isopiperitenol	OLAKPNFIICOONC-VHSXEESVSA-N	OLAKPNFIICOONC-VHSXEESVSA-N
CHEBI:170011	prekainate(1-)	GTTRMHDYNCRQPY-QMMMGPOBSA-M	GTTRMHDYNCRQPY-QMMMGPOBSA-M
CHEBI:17030	cycloartenol	ONQRKEUAIJMULO-YBXTVTTCSA-N	ONQRKEUAIJMULO-YBXTVTTCSA-N
CHEBI:17219	limonene-1,2-diol	WKZWTZTZWGWEGE-UHFFFAOYSA-N	WKZWTZTZWGWEGE-UHFFFAOYSA-N
CHEBI:17221	beta-myrcene	UAHWPYUMFXYFJY-UHFFFAOYSA-N	UAHWPYUMFXYFJY-UHFFFAOYSA-N
CHEBI:17231	m-cresol	RLSSMJSEOOYNOY-UHFFFAOYSA-N	RLSSMJSEOOYNOY-UHFFFAOYSA-N
CHEBI:172365	N-geranyl-L-glutamate(1-)	WRAUYKHQSOIVEN-SRXBQZRASA-M	WRAUYKHQSOIVEN-SRXBQZRASA-M
CHEBI:172366	N-(7'-carboxy-7'-demethylgeranyl)-L-glutamate(2-)	GLOMHRXTBJVWKY-UIZYFNENSA-L	GLOMHRXTBJVWKY-UIZYFNENSA-L
CHEBI:17251	pentalenene	YGIVIHRLDOVJLL-GUIRCDHDSA-N	YGIVIHRLDOVJLL-GUIRCDHDSA-N
CHEBI:17263	estrone	DNXHEGUUPJUMQT-CBZIJGRNSA-N	DNXHEGUUPJUMQT-CBZIJGRNSA-N
CHEBI:172925	beta-acoradiene	DVBSKQAFCDJNSL-ILXRZTDVSA-N	DVBSKQAFCDJNSL-ILXRZTDVSA-N
CHEBI:172926	alpha-acoradiene	DVBSKQAFCDJNSL-QLFBSQMISA-N	DVBSKQAFCDJNSL-QLFBSQMISA-N
CHEBI:172939	astellifadiene	PKKHDWUOTCTVFH-UWLZFXEESA-N	PKKHDWUOTCTVFH-UWLZFXEESA-N
CHEBI:173121	(1S,6S,7R)-sesquipiperitol	ZOYAMQNIYAMHTE-QLFBSQMISA-N	ZOYAMQNIYAMHTE-QLFBSQMISA-N
CHEBI:17447	geraniol	GLZPCOQZEFWAFX-JXMROGBWSA-N	GLZPCOQZEFWAFX-JXMROGBWSA-N
CHEBI:17529	kievitone hydrate	QISUKJAAXYVLMA-UHFFFAOYSA-N	QISUKJAAXYVLMA-UHFFFAOYSA-N
CHEBI:175763	2-trans,6-trans-farnesyl diphosphate(3-)	VWFJDQUYCIWHTN-YFVJMOTDSA-K	VWFJDQUYCIWHTN-YFVJMOTDSA-K
CHEBI:17580	linalool	CDOSHBSSFJOMGT-UHFFFAOYSA-N	CDOSHBSSFJOMGT-UHFFFAOYSA-N
CHEBI:17695	casbene	ZJMVJDFTNPZVMB-QOCMWZQCSA-N	ZJMVJDFTNPZVMB-QOCMWZQCSA-N
CHEBI:176971	N-(8'-hydroxygeranyl)-L-glutamate(1-)	DIFCQUCKDCMGLZ-KCXYUNALSA-M	DIFCQUCKDCMGLZ-KCXYUNALSA-M
CHEBI:176972	N-(8'-oxogeranyl)-L-glutamate(1-)	LASAIISDRHGWAN-KCXYUNALSA-M	LASAIISDRHGWAN-KCXYUNALSA-M
CHEBI:177888	variediene	IYERWQNZLUNKRO-GAFFSUPESA-N	IYERWQNZLUNKRO-VODJRPGGSA-N
CHEBI:177897	penichrysol	RRJWCNIOKHDFRX-AFJLWXLSSA-N	RRJWCNIOKHDFRX-AFJLWXLSSA-N
CHEBI:178033	gamma-gurjunene	DUYRYUZIBGFLDD-UHFFFAOYSA-N	DUYRYUZIBGFLDD-UHFFFAOYSA-N
CHEBI:17846	(S)-naringenin	FTVWIRXFELQLPI-ZDUSSCGKSA-N	FTVWIRXFELQLPI-ZDUSSCGKSA-N
CHEBI:17935	octanal	NUJGJRNETVAIRJ-UHFFFAOYSA-N	NUJGJRNETVAIRJ-UHFFFAOYSA-N
CHEBI:17948	(+)-taxifolin	CXQWRCVTCMQVQX-LSDHHAIUSA-N	CXQWRCVTCMQVQX-LSDHHAIUSA-N
CHEBI:18130	(-)-5-oxo-1,2-campholide	UDJVKSCOEHSXBZ-QUBYGPBYSA-N	UDJVKSCOEHSXBZ-QUBYGPBYSA-N
CHEBI:188453	beta-ylangene	UPVZPMJSRSWJHQ-XUPBQHKHSA-N	UPVZPMJSRSWJHQ-XUPBQHKHSA-N
CHEBI:191385	fusoxypene A	ZUDOUHDDSIJHEB-IGCMXNHPSA-N	ZUDOUHDDSIJHEB-IGCMXNHPSA-N
CHEBI:191386	fusoxypene B	IDOGVORUULFTNQ-MRULKJKZSA-N	IDOGVORUULFTNQ-MRULKJKZSA-N
CHEBI:191387	fusoxypene C	RGXPVTCXXHGAHK-CVLIZMCSSA-N	RGXPVTCXXHGAHK-CVLIZMCSSA-N
CHEBI:191388	(-)-astellatene	BNWVWSCWYORWIG-YAOPJMOGSA-N	BNWVWSCWYORWIG-YAOPJMOGSA-N
CHEBI:191389	preaspterpenacid acid I	NSHZOWJAHBYWHH-ZHJPMIONSA-N	NSHZOWJAHBYWHH-ZHJPMIONSA-N
CHEBI:191390	preaspterpenacid acid II	TXPAICIGWPMOFA-WFXAGTFYSA-N	TXPAICIGWPMOFA-WFXAGTFYSA-N
CHEBI:192746	alpha-springene	KFHRKQVLZRJWNB-OBHWEXPVSA-N	KFHRKQVLZRJWNB-OBHWEXPVSA-N
CHEBI:192978	talaropentaene	VVHPNQSUMLARNW-IKWXLNSOSA-N	VVHPNQSUMLARNW-NGCRBCODSA-N
CHEBI:192980	macrophomene	RHBWEVCRGQZVST-SGDJXXCCSA-N	RHBWEVCRGQZVST-SGDJXXCCSA-N
CHEBI:192981	colleterpenol	ZVJDDUGYQUUMSZ-ACKQZMBFSA-N	ZVJDDUGYQUUMSZ-ACKQZMBFSA-N
CHEBI:192990	(5R,12R,14S)-dolasta-1(15),8-diene	DZJFCKMCGDMBLE-XUVXKRRUSA-N	DZJFCKMCGDMBLE-XUVXKRRUSA-N
CHEBI:192991	delta-araneosene	MCSCRBZMKVBNJL-LMGKFGLTSA-N	MCSCRBZMKVBNJL-LMGKFGLTSA-N
CHEBI:192996	discoidol	KEBVXBNFLKYWDP-BJLZJLDMSA-N	KEBVXBNFLKYWDP-BJLZJLDMSA-N
CHEBI:193072	(-)-beta-barbatene	RTONMYLSQISFQA-XQLPTFJDSA-N	RTONMYLSQISFQA-XQLPTFJDSA-N
CHEBI:193073	(S)-nephthenol	ZJWQYSDAWSDJRA-ZSAANFQCSA-N	ZJWQYSDAWSDJRA-ZSAANFQCSA-N
CHEBI:193074	beta-araneosene	VSEDLQDFSQWMRG-WSHNDMGWSA-N	VSEDLQDFSQWMRG-WSHNDMGWSA-N
CHEBI:193079	[(1'E)-5'-(3',3'-dimethyloxiran-2'-yl)-3'-hydroxy-3'-methylpent-1'-en-1'-yl]-quinolinone B	OKZFFGYDLFOKMX-RPJCIHFCSA-N	OKZFFGYDLFOKMX-RPJCIHFCSA-N
CHEBI:193086	(+)-beta-barbatene	RTONMYLSQISFQA-APIJFGDWSA-N	RTONMYLSQISFQA-APIJFGDWSA-N
CHEBI:193096	discodiene	BEUFNPDESFGGNV-JQWIXIFHSA-N	BEUFNPDESFGGNV-JQWIXIFHSA-N
CHEBI:193107	N(6),N(6)-dimethyl-L-lysinium	XXEWFEBMSGLYBY-ZETCQYMHSA-O	XXEWFEBMSGLYBY-ZETCQYMHSA-O
CHEBI:193108	N,N-dimethyl-cadaverine(+2)	ZQEQANWXEQSAGL-UHFFFAOYSA-P	ZQEQANWXEQSAGL-UHFFFAOYSA-P
CHEBI:193109	(6S)-6-ammonio-3,3-dimethyl-2-oxoheptanedioate	AEFLBEFDGSFJEE-YFKPBYRVSA-M	AEFLBEFDGSFJEE-YFKPBYRVSA-M
CHEBI:193158	talarodiene	XTOGEKDHHWZDDZ-JAMRKFNNSA-N	XTOGEKDHHWZDDZ-JAMRKFNNSA-N
CHEBI:193165	5-dehydrofumagillol	RKYFKXLMWVUYJY-SUJAAXHWSA-N	RKYFKXLMWVUYJY-SUJAAXHWSA-N
CHEBI:193166	(+)-exo-beta-bergamotene	DGZBGCMPRYFWFF-SOUVJXGZSA-N	DGZBGCMPRYFWFF-SOUVJXGZSA-N
CHEBI:193517	5-dehydro-6-demethoxyfumagillol	NGJHYKKKKKBPBZ-TUVASFSCSA-N	NGJHYKKKKKBPBZ-TUVASFSCSA-N
CHEBI:193518	5-dehydro-6-demethoxy-6-hydroxyfumagillol	DSGRZHOZFJPOFL-ZSAUSMIDSA-N	DSGRZHOZFJPOFL-ZSAUSMIDSA-N
CHEBI:193520	prefumagillin	CBFRYQFEUIODNP-KIKJWTPJSA-N	CBFRYQFEUIODNP-KIKJWTPJSA-N
CHEBI:193561	(1'E,3'E)-5-(3,3-dimethyloxiran-2-yl)-3-methylhexa-1,3-dienyl-quinolinone B	BJXAHPRMTWSZRG-MKGCGASNSA-N	BJXAHPRMTWSZRG-MKGCGASNSA-N
CHEBI:194019	fumagillin(1-)	NGGMYCMLYOUNGM-CSDLUJIJSA-M	NGGMYCMLYOUNGM-CSDLUJIJSA-M
CHEBI:194020	(6S)-3,3-dimethyl-5,6-dihydro-4H-pyridine-2,6-dicarboxylate	QFZUAQLFOODZQP-YFKPBYRVSA-L	QFZUAQLFOODZQP-YFKPBYRVSA-L
CHEBI:194025	(6S)-3,3-dimethylpiperidinium-2,6-dicarboxylate	ZMGOJFHCWFDVNB-ZBHICJROSA-M	ZMGOJFHCWFDVNB-ZBHICJROSA-M
CHEBI:194026	(2S)-5,5-dimethylpiperidinium-2-carboxylate	RNCALCQUIUHJEP-LURJTMIESA-N	RNCALCQUIUHJEP-LURJTMIESA-N
CHEBI:194028	(1R,4R,5S)-acoradiene	DVBSKQAFCDJNSL-RBSFLKMASA-N	DVBSKQAFCDJNSL-RBSFLKMASA-N
CHEBI:194090	pre-flavunoidine(2+)	YLLLLBHEAHDXCP-UHFFFAOYSA-P	YLLLLBHEAHDXCP-UHFFFAOYSA-P
CHEBI:194091	flavunoidine(2+)	ANNRITYMAUJQPW-OFBHBXPESA-P	ANNRITYMAUJQPW-OFBHBXPESA-P
CHEBI:195495	10-hydroxy-pre-flavunoidine	WOPTWQVXPWEBSB-UHFFFAOYSA-P	WOPTWQVXPWEBSB-UHFFFAOYSA-P
CHEBI:195527	2,6,9-trimethyl-13-oxatetracyclo[6.3.1.1(6,9).0(1,5)]tridecane carbocation	PJUXPHVUUBDVMM-UHFFFAOYSA-N	PJUXPHVUUBDVMM-UHFFFAOYSA-N
CHEBI:20	(+)-camphene	CRPUJAZIXJMDBK-DTWKUNHWSA-N	CRPUJAZIXJMDBK-DTWKUNHWSA-N
CHEBI:201384	sartorypyrone D	YFZBONHCMBXFDD-UHFFFAOYSA-N	YFZBONHCMBXFDD-JVRYRRRMSA-N
CHEBI:203993	Sartorypyrone A	VDURTFXVMLMCFA-GISJPLNESA-N	VDURTFXVMLMCFA-GISJPLNESA-N
CHEBI:219774	bonnadiene	ODFAUAJALPIDBF-LMNJBCLMSA-N	QKYMGWUTPNTJDU-JYBIWHBTSA-N
CHEBI:219780	allokutznerene	GQNONAWUSDSPNL-FWUZGWGZSA-N	GQNONAWUSDSPNL-ZLOLBAIHSA-N
CHEBI:226390	Cattleyene	RNFNEBCHHXUETQ-KSOAMXKZSA-N	RNFNEBCHHXUETQ-KSOAMXKZSA-N
CHEBI:228	(4R,7R)-4-isopropenyl-7-methyloxepan-2-one	DNWZWUWUDAGNJB-RKDXNWHRSA-N	DNWZWUWUDAGNJB-RKDXNWHRSA-N
CHEBI:228261	(R,2E)-alpha-cericerene	XAYAQYFQCPHHSL-ZIDPCNJYSA-N	XAYAQYFQCPHHSL-ZIDPCNJYSA-N
CHEBI:228367	sesterfisherate	SLCDJJDPKICHGM-ZIFIXUEUSA-M	SLCDJJDPKICHGM-ZIFIXUEUSA-M
CHEBI:229523	silphinene	VHIAMHVUKUKCHP-DHMWGJHJSA-N	VHIAMHVUKUKCHP-DHMWGJHJSA-N
CHEBI:229601	ent-beyerene	GXMKKDDGINQVBE-LHDHZVESSA-N	GXMKKDDGINQVBE-LHDHZVESSA-N
CHEBI:229949	(24S)-24,25-epoxycucurbitadienol	FKLMMFZHGLDEMF-CUGODZHQSA-N	FKLMMFZHGLDEMF-CUGODZHQSA-N
CHEBI:230481	variecoladiene	KSXPRRSHHYDZBU-PTQXHSCKSA-N	KSXPRRSHHYDZBU-PTQXHSCKSA-N
CHEBI:231458	motiol	VLRMAVHXJLVDCY-UGTXTQRHSA-N	VLRMAVHXJLVDCY-UGTXTQRHSA-N
CHEBI:231493	palustrol	QWRTXOOFEHOROQ-PLXWNWTRSA-N	QWRTXOOFEHOROQ-PLXWNWTRSA-N
CHEBI:231497	selina-6-en-4-ol	PBGYWCDUYHJYFV-KFWWJZLASA-N	PBGYWCDUYHJYFV-KFWWJZLASA-N
CHEBI:231737	2-trans,6-trans,10-trans-geranylgeranyl-triacetate lactone	WWGXUYIEOFNMHZ-VOLDSXALSA-N	WWGXUYIEOFNMHZ-VOLDSXALSA-N
CHEBI:231738	(S)-2-trans,6-trans,10-trans-epoxygeranylgeranyl-triacetate lactone	NOUDQNHOBOKUQE-BHPSZCLXSA-N	NOUDQNHOBOKUQE-BHPSZCLXSA-N
CHEBI:231739	sartorypyrone F	UCQLZQQYQRWQRU-KMZVNXNLSA-N	UCQLZQQYQRWQRU-KMZVNXNLSA-N
CHEBI:231741	sartorypyrone G	ATKBLSRWUFYKSB-MPEQJHNYSA-N	ATKBLSRWUFYKSB-MPEQJHNYSA-N
CHEBI:231783	(+)-sativene	VOBBUADSYROGAT-VYDRJRHOSA-N	VOBBUADSYROGAT-VYDRJRHOSA-N
CHEBI:231796	(S,S)-drim-8-en-11-yl diphosphate(3-)	LFJUGVLMIOOWFG-DZGCQCFKSA-K	LFJUGVLMIOOWFG-DZGCQCFKSA-K
CHEBI:231826	ent-trachylobane	JTJZAWZRQPNBLR-SCNFUHEASA-N	JTJZAWZRQPNBLR-SCNFUHEASA-N
CHEBI:231828	ent-(12E)-labda-8(17),12,14-triene	VJVMMXUPZGOBSN-DZIHMOSASA-N	VJVMMXUPZGOBSN-DZIHMOSASA-N
CHEBI:231830	16alpha-hydroxy-ent-kaurene	FZSRMADKTOBCNT-HFJXXIIPSA-N	FZSRMADKTOBCNT-HFJXXIIPSA-N
CHEBI:232	(+)-cis-carveol	BAVONGHXFVOKBV-UWVGGRQHSA-N	BAVONGHXFVOKBV-UWVGGRQHSA-N
CHEBI:232471	isomotiol	LUZUHPHTXSGDDD-PWKXLIGRSA-N	LUZUHPHTXSGDDD-PWKXLIGRSA-N
CHEBI:232472	2alpha-hydroxyisomotiol	YOKAJJNTGABJER-QQAKFQOESA-N	YOKAJJNTGABJER-QQAKFQOESA-N
CHEBI:232474	3-O-(beta-D-glucopyranosyl)-isomotiol	LVHPZNOIRZPLHW-SKFYXBMVSA-N	LVHPZNOIRZPLHW-SKFYXBMVSA-N
CHEBI:232475	3-O-(beta-D-glucopyranosyl)-2alpha-hydroxyisomotiol	DVJFUEIYHZDSLN-DMSWFEIMSA-N	DVJFUEIYHZDSLN-DMSWFEIMSA-N
CHEBI:232477	3-O-(beta-D-glucopyranosyl)-2alpha-acetoxyisomotiol	JHPRINUVFRMYDG-XCURSTFZSA-N	JHPRINUVFRMYDG-XCURSTFZSA-N
CHEBI:232478	2-deacetoxyfuscoatroside	BLLZCKCKUHUTKL-XRZPPNRUSA-M	BLLZCKCKUHUTKL-XRZPPNRUSA-M
CHEBI:232479	2-deacetylfuscoatroside	IVTDCNPIZFYCCB-FKBKUPJASA-M	IVTDCNPIZFYCCB-FKBKUPJASA-M
CHEBI:232480	fuscoatroside	VAULMUOCCMYLIA-SQBLQFOUSA-M	VAULMUOCCMYLIA-SQBLQFOUSA-M
CHEBI:232481	19beta-hydroxyisomotiol	NBOCEVHTVQAVJX-SSXFQQQZSA-N	NBOCEVHTVQAVJX-SSXFQQQZSA-N
CHEBI:232482	2alpha,19beta-dihydroxyisomotiol	KQVNPYHWPJXAKD-LTXMMZLUSA-N	KQVNPYHWPJXAKD-LTXMMZLUSA-N
CHEBI:232483	2alpha-hydroxyismotiol-19-one	LZDDGYHUNCWDEN-LQRXHHGVSA-N	LZDDGYHUNCWDEN-LQRXHHGVSA-N
CHEBI:232484	2-deacetyl,3-deglucopyranosyl-fuscoatroside	GQYGAAYZUOAUGM-YHRBPPEESA-M	GQYGAAYZUOAUGM-YHRBPPEESA-M
CHEBI:233473	(-)-longiborneol	MNNFKQAYXGEKFA-CWFCOSEVSA-N	MNNFKQAYXGEKFA-CWFCOSEVSA-N
CHEBI:234437	(-)-dauca-4(11),8-diene	PRQLWQYYMJZORK-GJZGRUSLSA-N	PRQLWQYYMJZORK-GJZGRUSLSA-N
CHEBI:234454	(8R,9S)-8,9-epoxydauca-4(11)ene-8-oate	XVYKKOGOGAVXGC-DDHJSBNISA-M	XVYKKOGOGAVXGC-DDHJSBNISA-M
CHEBI:234481	sterpurene	HULFPDOHEQOINC-LNSITVRQSA-N	HULFPDOHEQOINC-LNSITVRQSA-N
CHEBI:234482	(1R,2R)-menth-2-en-1-ol	IZXYHAXVIZHGJV-ZJUUUORDSA-N	IZXYHAXVIZHGJV-ZJUUUORDSA-N
CHEBI:234485	africanol	KVFZUTBKAXAVDX-JQPXUNLUSA-N	KVFZUTBKAXAVDX-JQPXUNLUSA-N
CHEBI:234487	4-hydroxyafricanol	XAXQEYAMKZEAQC-QPKQRYRZSA-N	XAXQEYAMKZEAQC-QPKQRYRZSA-N
CHEBI:234488	4-oxoafricanol	CDLMTCGQINTALG-GSZDYRQJSA-N	CDLMTCGQINTALG-GSZDYRQJSA-N
CHEBI:234489	2-dehydroxy-2-en-4-oxoafricanol	NPCSZAYCQPFEKB-JVLSTEMRSA-N	NPCSZAYCQPFEKB-JVLSTEMRSA-N
CHEBI:234490	ophiocerate	STEFDXGKULBYNU-ISOBSLSZSA-M	STEFDXGKULBYNU-ISOBSLSZSA-M
CHEBI:234556	4,16-didehydroxyvinigrol	RLYBIWBUYMIHOF-DUBPVYKHSA-N	RLYBIWBUYMIHOF-DUBPVYKHSA-N
CHEBI:23925	(+)-5-epi-aristolochene	YONHOSLUBQJXPR-UMVBOHGHSA-N	YONHOSLUBQJXPR-UMVBOHGHSA-N
CHEBI:25646	octanoate	WWZKQHOCKIZLMA-UHFFFAOYSA-M	WWZKQHOCKIZLMA-UHFFFAOYSA-M
CHEBI:27474	pyrethrin II	VJFUPGQZSXIULQ-XIGJTORUSA-N	VJFUPGQZSXIULQ-XIGJTORUSA-N
CHEBI:27607	thymol	MGSRCZKZVOBKFT-UHFFFAOYSA-N	MGSRCZKZVOBKFT-UHFFFAOYSA-N
CHEBI:27723	beta-cadinene	USDOQCCMRDNVAH-KKUMJFAQSA-N	USDOQCCMRDNVAH-KKUMJFAQSA-N
CHEBI:27741	3'-hydroxyflavonoid		
CHEBI:27815	pyrethrin I	ROVGZAWFACYCSP-VUMXUWRFSA-N	ROVGZAWFACYCSP-VUMXUWRFSA-N
CHEBI:27961	1,8-cineole	WEEGYLXZBRQIMU-UHFFFAOYSA-N	WEEGYLXZBRQIMU-WAAGHKOSSA-N
CHEBI:28	(R)-linalool	CDOSHBSSFJOMGT-JTQLQIEISA-N	CDOSHBSSFJOMGT-JTQLQIEISA-N
CHEBI:28261	(+)-alpha-pinene	GRWFGVWFFZKLTI-RKDXNWHRSA-N	GRWFGVWFFZKLTI-RKDXNWHRSA-N
CHEBI:28283	capsidiol	BXXSHQYDJWZXPB-OKNSCYNVSA-N	BXXSHQYDJWZXPB-OKNSCYNVSA-N
CHEBI:28359	(-)-beta-pinene	WTARULDDTDQWMU-IUCAKERBSA-N	WTARULDDTDQWMU-IUCAKERBSA-N
CHEBI:28412	eriodictyol	SBHXYTNGIZCORC-ZDUSSCGKSA-N	SBHXYTNGIZCORC-ZDUSSCGKSA-N
CHEBI:28660	(-)-alpha-pinene	GRWFGVWFFZKLTI-IUCAKERBSA-N	GRWFGVWFFZKLTI-IUCAKERBSA-N
CHEBI:28744	2-hydroxy-17beta-estradiol	DILDHNKDVHLEQB-XSSYPUMDSA-N	DILDHNKDVHLEQB-XSSYPUMDSA-N
CHEBI:29452	nerol	GLZPCOQZEFWAFX-YFHOEESVSA-N	GLZPCOQZEFWAFX-YFHOEESVSA-N
CHEBI:29519	aphidicolan-16beta-ol	ODCPNBCPLWJVQI-NHWXPXPKSA-N	ODCPNBCPLWJVQI-AEVHBADWSA-N
CHEBI:29616	abieta-8(14),12-diene	ASPVQUYRFYUDSC-CMKODMSKSA-N	ASPVQUYRFYUDSC-CMKODMSKSA-N
CHEBI:29651	neoabietadiene	MRRHSEMHYVQUFK-CMKODMSKSA-N	MRRHSEMHYVQUFK-CMKODMSKSA-N
CHEBI:300	(R)-(+)-alpha-terpineol	WUOACPNHFRMFPN-VIFPVBQESA-N	WUOACPNHFRMFPN-VIFPVBQESA-N
CHEBI:30037	taxa-4,11-diene	FRJSECSOXKQMOD-HQRMLTQVSA-N	FRJSECSOXKQMOD-HQRMLTQVSA-N
CHEBI:30232	abieta-7,13-diene	BBPXZLJCPUPNGH-CMKODMSKSA-N	BBPXZLJCPUPNGH-CMKODMSKSA-N
CHEBI:30245	linoleate	OYHQOLUKZRVURQ-HZJYTTRNSA-M	OYHQOLUKZRVURQ-HZJYTTRNSA-M
CHEBI:30879	alcohol	LFQSCWFLJHTTHZ-UHFFFAOYSA-N	
CHEBI:31	(+)-menthone	NFLGAXVYCFJBMK-DTWKUNHWSA-N	NFLGAXVYCFJBMK-DTWKUNHWSA-N
CHEBI:32395	arachidonate	YZXBAPSDXZZRGB-DOFZRALJSA-M	YZXBAPSDXZZRGB-DOFZRALJSA-M
CHEBI:324935	fumagillol	CEVCTNCUIVEQOY-JQOWZUPLSA-N	CEVCTNCUIVEQOY-JQOWZUPLSA-N
CHEBI:32544	nicotinate	PVNIIMVLHYAWGP-UHFFFAOYSA-M	PVNIIMVLHYAWGP-UHFFFAOYSA-M
CHEBI:32551	L-lysinium(1+)	KDXKERNSBIXSRK-YFKPBYRVSA-O	KDXKERNSBIXSRK-YFKPBYRVSA-O
CHEBI:3440	carvacrol	RECUKUPTGUEGMW-UHFFFAOYSA-N	RECUKUPTGUEGMW-UHFFFAOYSA-N
CHEBI:35194	isoprene	RRHGJUQNOFWUDK-UHFFFAOYSA-N	RRHGJUQNOFWUDK-UHFFFAOYSA-N
CHEBI:35596	(+)-pulegone	NZGWDASTMWDZIW-MRVPVSSYSA-N	NZGWDASTMWDZIW-MRVPVSSYSA-N
CHEBI:35811	2-endo-hydroxy-1,8-cineole	YVCUGZBVCHODNB-QXFUBDJGSA-N	YVCUGZBVCHODNB-QXFUBDJGSA-N
CHEBI:36464	(R)-mevalonate	KJTLQQUUPVSXIM-ZCFIWIBFSA-M	KJTLQQUUPVSXIM-ZCFIWIBFSA-M
CHEBI:36484	hopan-22-ol	PNJBOAVCVAVRGR-UDCAXGDQSA-N	PNJBOAVCVAVRGR-UDCAXGDQSA-N
CHEBI:36492	(+)-isomenthone	NFLGAXVYCFJBMK-RKDXNWHRSA-N	NFLGAXVYCFJBMK-RKDXNWHRSA-N
CHEBI:36517	germacrene A	XMRKUJJDDKYUHV-SJRHNVSNSA-N	XMRKUJJDDKYUHV-SJRHNVSNSA-N
CHEBI:36658	6-methylsalicylate	HCJMNOSIAGSZBM-UHFFFAOYSA-M	HCJMNOSIAGSZBM-UHFFFAOYSA-M
CHEBI:36740	alpha-pinene	GRWFGVWFFZKLTI-UHFFFAOYSA-N	GRWFGVWFFZKLTI-UHFFFAOYSA-N
CHEBI:37047	(+)-cis-isopulegone	RMIANEGNSBUGDJ-RKDXNWHRSA-N	RMIANEGNSBUGDJ-RKDXNWHRSA-N
CHEBI:3706	cinerin I	FMTFEIJHMMQUJI-DFKXKMKHSA-N	FMTFEIJHMMQUJI-DFKXKMKHSA-N
CHEBI:3707	cinerin II	SHCRDCOTRILILT-WOBDGSLYSA-N	SHCRDCOTRILILT-WOBDGSLYSA-N
CHEBI:38249	(1S,4R)-1-hydroxylimonen-2-one	JEQLRDRDFLXSHY-SCZZXKLOSA-N	JEQLRDRDFLXSHY-SCZZXKLOSA-N
CHEBI:3830	camphene	CRPUJAZIXJMDBK-UHFFFAOYSA-N	CRPUJAZIXJMDBK-UHFFFAOYSA-N
CHEBI:39111	(Z,S)-pyrethrolone	IVGYSSJKFLEVIX-LWTINBJPSA-N	IVGYSSJKFLEVIX-LWTINBJPSA-N
CHEBI:39113	jasmolin I	NZKIRHFOLVYKFT-VUMXUWRFSA-N	NZKIRHFOLVYKFT-VUMXUWRFSA-N
CHEBI:39114	jasmolin II	WKNSDDMJXANVMK-XIGJTORUSA-N	WKNSDDMJXANVMK-XIGJTORUSA-N
CHEBI:39242	cis-beta-farnesene	JSNRRGGBADWTMC-QINSGFPZSA-N	JSNRRGGBADWTMC-QINSGFPZSA-N
CHEBI:41595	(+)-germacrene A	XMRKUJJDDKYUHV-DFSVIBJJSA-N	XMRKUJJDDKYUHV-DFSVIBJJSA-N
CHEBI:42977	25-hydroxycholesterol	INBGSXNNRGWLJU-ZHHJOTBYSA-N	INBGSXNNRGWLJU-ZHHJOTBYSA-N
CHEBI:43074	(3S)-3-hydroxy-3-methylglutaryl-CoA(5-)	CABVTRNMFUVUDM-VRHQGPGLSA-I	CABVTRNMFUVUDM-VRHQGPGLSA-I
CHEBI:43445	(+)-aristolochene	YONHOSLUBQJXPR-KCQAQPDRSA-N	YONHOSLUBQJXPR-KCQAQPDRSA-N
CHEBI:4648	hop-22(29)-ene	HHXYJYBYNZMZKX-PYQRSULMSA-N	HHXYJYBYNZMZKX-PYQRSULMSA-N
CHEBI:46702	(-)-geosmin	JLPUXFOGCDVKGO-TUAOUCFPSA-N	JLPUXFOGCDVKGO-TUAOUCFPSA-N
CHEBI:46734	(1E,4S,5E,7R)-germacra-1(10),5-dien-11-ol	ZVZPKUXZGROCDB-IFRRKGDKSA-N	ZVZPKUXZGROCDB-IFRRKGDKSA-N
CHEBI:46971	premnaspirodiene	WEZDOYDDKIHCLM-RBSFLKMASA-N	WEZDOYDDKIHCLM-RBSFLKMASA-N
CHEBI:48741	beta-phellandrene	LFJQCDVYDGGFCH-UHFFFAOYSA-N	LFJQCDVYDGGFCH-UHFFFAOYSA-N
CHEBI:49044	(-)-germacrene D	GAIBLDCXCZKKJE-RXJOXMPGSA-N	GAIBLDCXCZKKJE-RXJOXMPGSA-N
CHEBI:49045	germacrene D	GAIBLDCXCZKKJE-RXJOXMPGSA-N	GAIBLDCXCZKKJE-YZJXYJLZSA-N
CHEBI:49046	(+)-germacrene D	GAIBLDCXCZKKJE-RGZOGPIRSA-N	GAIBLDCXCZKKJE-RGZOGPIRSA-N
CHEBI:49204	(+)-guaia-6,9-diene	RCMUGHFHXFHKNW-QEJZJMRPSA-N	RCMUGHFHXFHKNW-QEJZJMRPSA-N
CHEBI:49210	beta-himachalene	LCOSCMLXPAQCLQ-AWEZNQCLSA-N	LCOSCMLXPAQCLQ-UHFFFAOYSA-N
CHEBI:49214	alpha-himachalene	ZJSIKVDEOWWVEH-UHFFFAOYSA-N	ZJSIKVDEOWWVEH-UHFFFAOYSA-N
CHEBI:49224	gamma-himachalene	PUWNTRHCKNHSAT-UHFFFAOYSA-N	PUWNTRHCKNHSAT-UHFFFAOYSA-N
CHEBI:49231	sibirene	ALUIZDJKPCNAGJ-UHFFFAOYSA-N	ALUIZDJKPCNAGJ-UHFFFAOYSA-N
CHEBI:49238	(Z)-gamma-bisabolene	XBGUIVFBMBVUEG-CCEZHUSRSA-N	XBGUIVFBMBVUEG-CCEZHUSRSA-N
CHEBI:49239	(E)-gamma-bisabolene	XBGUIVFBMBVUEG-PFONDFGASA-N	XBGUIVFBMBVUEG-PFONDFGASA-N
CHEBI:49241	(Z)-alpha-bisabolene	YHBUQBJHSRGZNF-AUWJEWJLSA-N	YHBUQBJHSRGZNF-AUWJEWJLSA-N
CHEBI:49242	(E)-alpha-bisabolene	YHBUQBJHSRGZNF-VGOFMYFVSA-N	YHBUQBJHSRGZNF-VGOFMYFVSA-N
CHEBI:49243	(E,R)-alpha-bisabolene	YHBUQBJHSRGZNF-LULHVWEPSA-N	YHBUQBJHSRGZNF-LULHVWEPSA-N
CHEBI:49249	beta-bisabolene	XZRVRYFILCSYSP-OAHLLOKOSA-N	XZRVRYFILCSYSP-UHFFFAOYSA-N
CHEBI:49263	(S)-beta-bisabolene	XZRVRYFILCSYSP-OAHLLOKOSA-N	XZRVRYFILCSYSP-OAHLLOKOSA-N
CHEBI:49278	delta-selinene	VEGYMPQCXPVQJY-UHFFFAOYSA-N	VEGYMPQCXPVQJY-UHFFFAOYSA-N
CHEBI:49279	(+)-delta-selinene	VEGYMPQCXPVQJY-OAHLLOKOSA-N	VEGYMPQCXPVQJY-OAHLLOKOSA-N
CHEBI:49290	gamma-humulene	FNXUOGPQAOCFKU-UHFFFAOYSA-N	FNXUOGPQAOCFKU-UHFFFAOYSA-N
CHEBI:50025	beta-pinene	WTARULDDTDQWMU-UHFFFAOYSA-N	WTARULDDTDQWMU-UHFFFAOYSA-N
CHEBI:50026	(+)-beta-pinene	WTARULDDTDQWMU-RKDXNWHRSA-N	WTARULDDTDQWMU-RKDXNWHRSA-N
CHEBI:50027	sabinene	NDVASEGYNIMXJL-UHFFFAOYSA-N	NDVASEGYNIMXJL-UHFFFAOYSA-N
CHEBI:50028	(-)-sabinene	NDVASEGYNIMXJL-UWVGGRQHSA-N	NDVASEGYNIMXJL-UWVGGRQHSA-N
CHEBI:50029	(+)-sabinene	NDVASEGYNIMXJL-NXEZZACHSA-N	NDVASEGYNIMXJL-NXEZZACHSA-N
CHEBI:50031	alpha-thujene	KQAZVFVOEIRWHN-UHFFFAOYSA-N	KQAZVFVOEIRWHN-UHFFFAOYSA-N
CHEBI:50060	ent-cassa-12,15-diene	JQPDOKGAOXSRJD-SVEODPQUSA-N	JQPDOKGAOXSRJD-SVEODPQUSA-N
CHEBI:50061	ent-sandaracopimara-8(14),15-diene	XDSYKASBVOZOAG-LFGUQSLTSA-N	XDSYKASBVOZOAG-LFGUQSLTSA-N
CHEBI:50063	ent-pimara-8(14),15-diene	XDSYKASBVOZOAG-JYBIWHBTSA-N	XDSYKASBVOZOAG-JYBIWHBTSA-N
CHEBI:50064	ent-pimara-9(11),15-diene	NIRMOOCHGJGPKG-RKOGWWSCSA-N	NIRMOOCHGJGPKG-RKOGWWSCSA-N
CHEBI:50067	9beta-pimara-7,15-diene	VCOVNILQQQZROK-PIKOESSRSA-N	VCOVNILQQQZROK-PIKOESSRSA-N
CHEBI:50068	stemod-13(17)-ene	GNNRCBBKCVNPSC-VDWQKOAOSA-N	GNNRCBBKCVNPSC-VDWQKOAOSA-N
CHEBI:50069	stemar-13-ene	MCRAOCBPZAIHJQ-QBYKVAOYSA-N	MCRAOCBPZAIHJQ-QBYKVAOYSA-N
CHEBI:50245	(1R,4S)-1-hydroxylimonen-2-one	JEQLRDRDFLXSHY-WCBMZHEXSA-N	JEQLRDRDFLXSHY-WCBMZHEXSA-N
CHEBI:50246	1-hydroxylimonen-2-one	JEQLRDRDFLXSHY-UHFFFAOYSA-N	JEQLRDRDFLXSHY-UHFFFAOYSA-N
CHEBI:50250	(4R,7S)-7-isopropyl-4-methyloxepan-2-one	GGAXPLCKKANQED-BDAKNGLRSA-N	GGAXPLCKKANQED-BDAKNGLRSA-N
CHEBI:50283	(R)-lavandulol	CZVXBFUKBZRMKR-JTQLQIEISA-N	CZVXBFUKBZRMKR-JTQLQIEISA-N
CHEBI:50302	terpentetriene	DTIVNEHSCKVQIB-IYWMVGAKSA-N	DTIVNEHSCKVQIB-IYWMVGAKSA-N
CHEBI:50783	ent-isokaurene	DQUHDYWUEKWRLN-HPUSYDDDSA-N	DQUHDYWUEKWRLN-HPUSYDDDSA-N
CHEBI:51458	(+)-epi-isozizaene	CYLSPJUZBPWJGC-ITDIGPHOSA-N	CYLSPJUZBPWJGC-ITDIGPHOSA-N
CHEBI:51460	albaflavenone	SHUZZAXJEJPUGA-CCUNJIBTSA-N	SHUZZAXJEJPUGA-CCUNJIBTSA-N
CHEBI:51479	(5R)-albaflavenol	ZRRTYQUKAJCICD-APAOZMKASA-N	ZRRTYQUKAJCICD-APAOZMKASA-N
CHEBI:51480	(5S)-albaflavenol	ZRRTYQUKAJCICD-AVNXNWIJSA-N	ZRRTYQUKAJCICD-AVNXNWIJSA-N
CHEBI:5171	friedelin	OFMXGFHWLZPCFL-SVRPQWSVSA-N	OFMXGFHWLZPCFL-SVRPQWSVSA-N
CHEBI:52026	amorpha-4,11-diene	HMTAHNDPLDKYJT-CBBWQLFWSA-N	HMTAHNDPLDKYJT-CBBWQLFWSA-N
CHEBI:52226	epi-cedrol	SVURIXNDRWRAFU-MIBAYGRRSA-N	SVURIXNDRWRAFU-MIBAYGRRSA-N
CHEBI:52280	isopimara-7,15-diene	VCOVNILQQQZROK-QGZVKYPTSA-N	VCOVNILQQQZROK-QGZVKYPTSA-N
CHEBI:52317	thalianol	DGAGPZOBTQYNRE-VMSIWEJCSA-N	DGAGPZOBTQYNRE-VMSIWEJCSA-N
CHEBI:52463	fusicocca-2,10(14)-diene	PZSFDLBSQBBRAM-GZRFBZBPSA-N	PZSFDLBSQBBRAM-GZRFBZBPSA-N
CHEBI:5337	(1E,4E)-germacrene B	GXEGJTGWYVZSNR-SJRHNVSNSA-N	GXEGJTGWYVZSNR-SJRHNVSNSA-N
CHEBI:53643	phyllocladan-16alpha-ol	FZSRMADKTOBCNT-IVPKFJTLSA-N	FZSRMADKTOBCNT-LOBZHTCKSA-N
CHEBI:57293	(+)-bornyl diphosphate(3-)	VZPAJODTZAAANV-ZCUBBSJVSA-K	VZPAJODTZAAANV-ZCUBBSJVSA-K
CHEBI:57310	presqualene diphosphate(3-)	ATZKAUGGNMSCCY-VYCBRMPGSA-K	ATZKAUGGNMSCCY-VYCBRMPGSA-K
CHEBI:57341	3-hydroxy-3-(4-methylpent-3-en-1-yl)glutaryl-CoA(5-)	ATTJZXQHBIJXLV-AWVQIHIZSA-I	ATTJZXQHBIJXLV-AWVQIHIZSA-I
CHEBI:57384	malonyl-CoA(5-)	LTYOQGRJFJAKNA-DVVLENMVSA-I	LTYOQGRJFJAKNA-DVVLENMVSA-I
CHEBI:57533	geranylgeranyl diphosphate(3-)	OINNEUNVOZHBOX-QIRCYJPOSA-K	OINNEUNVOZHBOX-UHFFFAOYSA-K
CHEBI:57618	FMNH2(2-)	YTNIXZGTHTVJBW-SCRDCRAPSA-L	YTNIXZGTHTVJBW-SCRDCRAPSA-L
CHEBI:57623	prenyl diphosphate(3-)	CBIDRCWHNCKSTO-UHFFFAOYSA-K	CBIDRCWHNCKSTO-UHFFFAOYSA-K
CHEBI:57665	neryl diphosphate(3-)	GVVPGTZRZFNKDS-YFHOEESVSA-K	GVVPGTZRZFNKDS-YFHOEESVSA-K
CHEBI:5768	(1E,4E,8E)-alpha-humulene	FAMPSKZZVDUYOS-HRGUGZIWSA-N	FAMPSKZZVDUYOS-HRGUGZIWSA-N
CHEBI:57694	quercetin-7-olate	REFJWTPEDVJJIY-UHFFFAOYSA-M	REFJWTPEDVJJIY-UHFFFAOYSA-M
CHEBI:57716	O-acetyl-L-homoserine zwitterion	FCXZBWSIAGGPCB-YFKPBYRVSA-N	FCXZBWSIAGGPCB-YFKPBYRVSA-N
CHEBI:57792	1-deoxy-D-xylulose 5-phosphate(2-)	AJPADPZSRRUGHI-RFZPGFLSSA-L	AJPADPZSRRUGHI-RFZPGFLSSA-L
CHEBI:57907	all-trans-pentaprenyl diphosphate(3-)	JMVSBFJBMXQNJW-GIXZANJISA-K	JMVSBFJBMXQNJW-GIXZANJISA-K
CHEBI:58057	geranyl diphosphate(3-)	GVVPGTZRZFNKDS-JXMROGBWSA-K	GVVPGTZRZFNKDS-JXMROGBWSA-K
CHEBI:58121	D-ribulose 5-phosphate(2-)	FNZLKVNUWIIPSJ-UHNVWZDZSA-L	FNZLKVNUWIIPSJ-UHNVWZDZSA-L
CHEBI:58179	all-trans-hexaprenyl diphosphate(3-)	NGFSMHKFTZROKJ-MMSZMYIBSA-K	NGFSMHKFTZROKJ-MMSZMYIBSA-K
CHEBI:58206	all-trans-heptaprenyl diphosphate(3-)	LSJLEXWXRKTZAJ-YUIIPXGZSA-K	LSJLEXWXRKTZAJ-YUIIPXGZSA-K
CHEBI:58210	FMN(3-)	FVTCRASFADXXNN-SCRDCRAPSA-K	ANKZYBDXHMZBDK-SCRDCRAPSA-K
CHEBI:58262	2-C-methyl-D-erythritol 4-phosphate(2-)	XMWHRVNVKDKBRG-UHNVWZDZSA-L	XMWHRVNVKDKBRG-UHNVWZDZSA-L
CHEBI:58553	5beta,9alpha,10alpha-labda-8(20),13-dien-15-yl diphosphate(3-)	JCAIWDXKLCEQEO-PGHZQYBFSA-K	JCAIWDXKLCEQEO-PGHZQYBFSA-K
CHEBI:58562	all-cis-5,8,11,14,17-icosapentaenoate	JAZBEHYOTPTENJ-JLNKQSITSA-M	JAZBEHYOTPTENJ-JLNKQSITSA-M
CHEBI:58573	kaempferol oxoanion	IYRMWMYZSQPJKC-UHFFFAOYSA-M	IYRMWMYZSQPJKC-UHFFFAOYSA-M
CHEBI:58622	5alpha,9beta,10alpha-labda-8(20),13-dien-15-yl diphosphate(3-)	JCAIWDXKLCEQEO-HZEYQZKKSA-K	JCAIWDXKLCEQEO-HZEYQZKKSA-K
CHEBI:58635	5alpha,9alpha,10beta-labda-8(20),13-dien-15-yl diphosphate(3-)	JCAIWDXKLCEQEO-ATPOGHATSA-K	JCAIWDXKLCEQEO-ATPOGHATSA-K
CHEBI:58756	2-trans,6-trans,10-trans-geranylgeranyl diphosphate(3-)	OINNEUNVOZHBOX-QIRCYJPOSA-K	OINNEUNVOZHBOX-QIRCYJPOSA-K
CHEBI:58819	(R,R)-chrysanthemyl diphosphate(3-)	AORLUAKWVIEOLL-RKDXNWHRSA-K	AORLUAKWVIEOLL-RKDXNWHRSA-K
CHEBI:58821	terpentedienyl diphosphate(3-)	LKJRXYMJDDAXEN-LENLPTBCSA-K	LKJRXYMJDDAXEN-LENLPTBCSA-K
CHEBI:58822	tuberculosinyl diphosphate(3-)	BPSHPRCHMGHBGC-AHKHSGQUSA-K	BPSHPRCHMGHBGC-AHKHSGQUSA-K
CHEBI:59776	D-glyceraldehyde 3-phosphate(2-)	LXJXRIRHZLFYRP-VKHMYHEASA-L	LXJXRIRHZLFYRP-VKHMYHEASA-L
CHEBI:59958	(3S,6E)-nerolidol	FQTLCLSUCSAZDY-ATGUSINASA-N	FQTLCLSUCSAZDY-ATGUSINASA-N
CHEBI:59959	(3R,6E)-nerolidol	FQTLCLSUCSAZDY-GOFCXVBSSA-N	FQTLCLSUCSAZDY-GOFCXVBSSA-N
CHEBI:59961	alpha-selinene	OZQAPQSEYFAMCY-QLFBSQMISA-N	OZQAPQSEYFAMCY-QLFBSQMISA-N
CHEBI:60158	(E)-4,8-dimethyl-1,3,7-nonatriene	LUKZREJJLWEWQM-YRNVUSSQSA-N	LUKZREJJLWEWQM-YRNVUSSQSA-N
CHEBI:60374	2-cis,6-cis-farnesyl diphosphate(3-)	VWFJDQUYCIWHTN-FBXUGWQNSA-K	VWFJDQUYCIWHTN-FBXUGWQNSA-K
CHEBI:60968	presilphiperfolan-8beta-ol	ZCRYDCBITZERMT-FUQNVFFISA-N	ZCRYDCBITZERMT-FUQNVFFISA-N
CHEBI:61148	drimenol	HMWSKUKBAWWOJL-KCQAQPDRSA-N	HMWSKUKBAWWOJL-KCQAQPDRSA-N
CHEBI:61344	(S)-beta-macrocarpene	BKRLNEMLMVJATK-CYBMUJFWSA-N	BKRLNEMLMVJATK-CYBMUJFWSA-N
CHEBI:61478	germacrene C	WYGLLWYGQRUNLF-XZCMGSLHSA-N	WYGLLWYGQRUNLF-XZCMGSLHSA-N
CHEBI:61677	(+)-alpha-santalene	KWFJIXPIFLVMPM-PEGGXJLSSA-N	KWFJIXPIFLVMPM-KHMAMNHCSA-N
CHEBI:61678	(+)-endo-beta-bergamotene	DGZBGCMPRYFWFF-KKUMJFAQSA-N	DGZBGCMPRYFWFF-KKUMJFAQSA-N
CHEBI:61679	(-)-endo-alpha-bergamotene	YMBFCQPIMVLNIU-KKUMJFAQSA-N	YMBFCQPIMVLNIU-KKUMJFAQSA-N
CHEBI:61687	cis-muurola-3,5-diene	JOCWPECWTZZSSX-MCIONIFRSA-N	JOCWPECWTZZSSX-MCIONIFRSA-N
CHEBI:61688	cis-muurola-4(14),5-diene	RNDFUOKDULDZPR-MCIONIFRSA-N	RNDFUOKDULDZPR-MCIONIFRSA-N
CHEBI:61690	(+)-alpha-barbatene	RMKQBFUAKZOVPQ-APIJFGDWSA-N	RMKQBFUAKZOVPQ-APIJFGDWSA-N
CHEBI:61699	(-)-alpha-gurjunene	SPCXZDDGSGTVAW-XIDUGBJDSA-N	SPCXZDDGSGTVAW-XIDUGBJDSA-N
CHEBI:61700	(+)-valencene	QEBNYNLSCGVZOH-NFAWXSAZSA-N	QEBNYNLSCGVZOH-NFAWXSAZSA-N
CHEBI:61737	(+)-thujopsene	WXQGPFZDVCRBME-BPLDGKMQSA-N	WXQGPFZDVCRBME-BPLDGKMQSA-N
CHEBI:61746	(+)-beta-chamigrene	WLNGPDPILFYWKF-HNNXBMFYSA-N	WLNGPDPILFYWKF-HNNXBMFYSA-N
CHEBI:61984	(E)-2-methylgeranyl diphosphate(3-)	PRUWPPRJQIGKNB-ZHACJKMWSA-K	PRUWPPRJQIGKNB-ZHACJKMWSA-K
CHEBI:61987	2-methylisoborneol	LFYXNXGVLGKVCJ-FBIMIBRVSA-N	LFYXNXGVLGKVCJ-FBIMIBRVSA-N
CHEBI:62224	(-)-7-epi-alpha-selinene	OZQAPQSEYFAMCY-SOUVJXGZSA-N	OZQAPQSEYFAMCY-SOUVJXGZSA-N
CHEBI:62262	isomultiflorenol	MCSMMGJCXCBSKD-XCHVDQMNSA-N	MCSMMGJCXCBSKD-XCHVDQMNSA-N
CHEBI:62416	dammarenediol-II	NLHQJXWYMZLQJY-TXNIMPHESA-N	NLHQJXWYMZLQJY-TXNIMPHESA-N
CHEBI:62417	arabidiol	KCSCTOANDBOIGV-ZFAZNOKVSA-N	KCSCTOANDBOIGV-ZFAZNOKVSA-N
CHEBI:62432	abscisates	JLIDBLDQVAYHNE-LXGGSRJLSA-M	JLIDBLDQVAYHNE-FEGZXCSJSA-M
CHEBI:62447	dammara-20,24-diene	SEXOMBPXHYAKHY-YCJSVCQFSA-N	SEXOMBPXHYAKHY-YCJSVCQFSA-N
CHEBI:62452	camelliol C	CIDHBCQEXDUWEB-HJSIMFEZSA-N	CIDHBCQEXDUWEB-HJSIMFEZSA-N
CHEBI:62455	germanicol	QMUXVPRGNJLGRT-PNTWTTAKSA-N	QMUXVPRGNJLGRT-PNTWTTAKSA-N
CHEBI:62456	cucurbitadienol	WSPRAEIJBDUDRX-FBJXRMALSA-N	WSPRAEIJBDUDRX-FBJXRMALSA-N
CHEBI:62457	(17Z)-protosta-17(20),24-dien-3beta-ol	CKYVHRSYUPJCLG-PTZNGALWSA-N	CKYVHRSYUPJCLG-PTZNGALWSA-N
CHEBI:62513	gamma-eudesmol	WMOPMQRJLLIEJV-IUODEOHRSA-N	WMOPMQRJLLIEJV-IUODEOHRSA-N
CHEBI:62514	10-epi-gamma-eudesmol	WMOPMQRJLLIEJV-DOMZBBRYSA-N	WMOPMQRJLLIEJV-DOMZBBRYSA-N
CHEBI:62641	perillate	CDSMSBUVCWHORP-UHFFFAOYSA-M	CDSMSBUVCWHORP-UHFFFAOYSA-M
CHEBI:62735	lupan-3beta,20-diol	YDNYDUBBAZTLTQ-LIVJDELJSA-N	YDNYDUBBAZTLTQ-LIVJDELJSA-N
CHEBI:62753	alpha-longipinene	HICYDYJTCDBHMZ-COMQUAJESA-N	HICYDYJTCDBHMZ-UHFFFAOYSA-N
CHEBI:62756	(-)-exo-alpha-bergamotene	YMBFCQPIMVLNIU-SOUVJXGZSA-N	YMBFCQPIMVLNIU-SOUVJXGZSA-N
CHEBI:62760	(-)-beta-curcumene	JXZQZARENYGJMK-CQSZACIVSA-N	JXZQZARENYGJMK-CQSZACIVSA-N
CHEBI:62762	(+)-2-epi-prezizaene	RFSYBMDOYOBTCL-CSXPGERXSA-N	RFSYBMDOYOBTCL-OPQSFPLASA-N
CHEBI:62855	(-)-beta-elemene	OPFTUNCRGUEPRZ-QLFBSQMISA-N	OPFTUNCRGUEPRZ-QLFBSQMISA-N
CHEBI:63190	(+)-beta-caryophyllene	NPNUFJAVOOONJE-IOMPXFEGSA-N	NPNUFJAVOOONJE-IOMPXFEGSA-N
CHEBI:63196	(+)-caryolan-1-ol	FUQAYSQLAOJBBC-MXYBEHONSA-N	FUQAYSQLAOJBBC-MXYBEHONSA-N
CHEBI:63203	(-)-gamma-cadinene	WRHGORWNJGOVQY-RBSFLKMASA-N	WRHGORWNJGOVQY-RBSFLKMASA-N
CHEBI:63205	(+)-gamma-cadinene	WRHGORWNJGOVQY-KKUMJFAQSA-N	WRHGORWNJGOVQY-KKUMJFAQSA-N
CHEBI:63244	pentalen-13-al	JWMGZDVPJPOYGL-IKVITTDRSA-N	JWMGZDVPJPOYGL-IKVITTDRSA-N
CHEBI:63443	alpha-guaiene	ADIDQIZBYUABQK-RWMBFGLXSA-N	ADIDQIZBYUABQK-RWMBFGLXSA-N
CHEBI:63444	viridiflorene	WGTRJVCFDUCKCM-FMKGYKFTSA-N	WGTRJVCFDUCKCM-FMKGYKFTSA-N
CHEBI:63445	5-epi-alpha-selinene	OZQAPQSEYFAMCY-RBSFLKMASA-N	OZQAPQSEYFAMCY-RBSFLKMASA-N
CHEBI:63446	(-)-cubebol	KONGRWVLXLWGDV-BYGOPZEFSA-N	KONGRWVLXLWGDV-BYGOPZEFSA-N
CHEBI:63447	delta-guaiene	YHAJBLWYOIUHHM-GUTXKFCHSA-N	YHAJBLWYOIUHHM-GUTXKFCHSA-N
CHEBI:63459	shionone	HXPXUNQUXCHJLL-LZQQOHPBSA-N	HXPXUNQUXCHJLL-LZQQOHPBSA-N
CHEBI:63460	parkeol	MLVSYGCURCOSKP-FXCPCPCLSA-N	MLVSYGCURCOSKP-FXCPCPCLSA-N
CHEBI:63461	achilleol B	OPDQSNQDIGJUIR-FEHKDBFISA-N	OPDQSNQDIGJUIR-FEHKDBFISA-N
CHEBI:63462	glutinol	HFSACQSILLSUII-ISSAZSKYSA-N	HFSACQSILLSUII-ISSAZSKYSA-N
CHEBI:63463	baccharis oxide	FPGOBAVTXMFTQR-LXERUMJASA-N	FPGOBAVTXMFTQR-LXERUMJASA-N
CHEBI:63464	alpha-seco-amyrin	BMTRRCREWLAQBX-CHJNBIAGSA-N	BMTRRCREWLAQBX-CHJNBIAGSA-N
CHEBI:63465	marneral	VNBRFEUEYRHQBM-OPEBEUCHSA-N	VNBRFEUEYRHQBM-OPEBEUCHSA-N
CHEBI:63466	beta-seco-amyrin	BVMWOSNBDNNUBA-NBANTFJXSA-N	BVMWOSNBDNNUBA-NBANTFJXSA-N
CHEBI:63467	delta-amyrin	JOCIRBSYAYKMEF-YDPPSCFKSA-N	JOCIRBSYAYKMEF-YDPPSCFKSA-N
CHEBI:63468	tirucalla-7,24-dien-3beta-ol	DICCPNLDOZNSML-CEEMYSEHSA-N	DICCPNLDOZNSML-CEEMYSEHSA-N
CHEBI:63682	(5S,9S,10S,13E)-labda-7,13-dien-15-yl diphosphate(3-)	CYXMSAANDYUEKO-ATPOGHATSA-K	CYXMSAANDYUEKO-ATPOGHATSA-K
CHEBI:63683	(13E)-labda-7,13-dien-15-ol	KPOGKOXAZMFZNM-ATPOGHATSA-N	KPOGKOXAZMFZNM-ATPOGHATSA-N
CHEBI:63696	gamma-curcumene	NGIVKZGKEPRIGG-CQSZACIVSA-N	NGIVKZGKEPRIGG-CQSZACIVSA-N
CHEBI:63701	(-)-alpha-cuprenene	DYQFFTPJVWEYMH-OAHLLOKOSA-N	DYQFFTPJVWEYMH-OAHLLOKOSA-N
CHEBI:63702	avermitilol	BLGPPSRDEKNCLT-CDWXYHGHSA-N	BLGPPSRDEKNCLT-CDWXYHGHSA-N
CHEBI:63703	(-)-delta-cadinene	FUCYIEXQVQJBKY-UKRRQHHQSA-N	FUCYIEXQVQJBKY-UKRRQHHQSA-N
CHEBI:63704	(+)-Tau-muurolol	LHYHMMRYTDARSZ-KBUPBQIOSA-N	LHYHMMRYTDARSZ-KBUPBQIOSA-N
CHEBI:63707	syn-labda-8(17),12E,14-triene	VJVMMXUPZGOBSN-URKRXPPWSA-N	VJVMMXUPZGOBSN-URKRXPPWSA-N
CHEBI:63708	isopimara-8(14),15-diene	XDSYKASBVOZOAG-QGZVKYPTSA-N	XDSYKASBVOZOAG-QGZVKYPTSA-N
CHEBI:63709	bicyclogermacrene	VPDZRSSKICPUEY-JEPMYXAXSA-N	VPDZRSSKICPUEY-JEPMYXAXSA-N
CHEBI:63710	7-epi-sesquithujene	UCQHFDKBUHCAFR-ILXRZTDVSA-N	UCQHFDKBUHCAFR-ILXRZTDVSA-N
CHEBI:63711	sesquithujene	UCQHFDKBUHCAFR-RBSFLKMASA-N	UCQHFDKBUHCAFR-KKUMJFAQSA-N
CHEBI:63712	baruol	XJJAVFWIAXATMT-KNUFMLCHSA-N	XJJAVFWIAXATMT-KNUFMLCHSA-N
CHEBI:63892	zerumbone	GIHNTRQPEMKFKO-SKTNYSRSSA-N	GIHNTRQPEMKFKO-SKTNYSRSSA-N
CHEBI:63893	8-hydroxy-alpha-humulene	NLCQRJBYGGWZRQ-SKTNYSRSSA-N	NLCQRJBYGGWZRQ-SKTNYSRSSA-N
CHEBI:64232	(3S,6R)-6-isopropenyl-3-methyloxepan-2-one	BBKYOZJVRPOMGL-IUCAKERBSA-N	BBKYOZJVRPOMGL-IUCAKERBSA-N
CHEBI:64234	3-isopropenyl-6-oxoheptanoate	NJOIWWRMLFSDTM-UHFFFAOYSA-M	NJOIWWRMLFSDTM-UHFFFAOYSA-M
CHEBI:64239	(6E)-8-oxogeranial	GRHWFPUCRVCMRY-TXFIJWAUSA-N	GRHWFPUCRVCMRY-TXFIJWAUSA-N
CHEBI:64259	(6E)-8-oxolinalool	HRVZNWRZLYDLBU-RMKNXTFCSA-N	HRVZNWRZLYDLBU-RMKNXTFCSA-N
CHEBI:64266	tricyclene	RRBYUSWBLVXTQN-UHFFFAOYSA-N	RRBYUSWBLVXTQN-UHFFFAOYSA-N
CHEBI:64280	(E)-beta-ocimene	IHPKGUQCSIINRJ-CSKARUKUSA-N	IHPKGUQCSIINRJ-CSKARUKUSA-N
CHEBI:64283	copal-8-ol diphosphate(3-)	ZDGVATANBJCRHY-NUKBDRAPSA-K	ZDGVATANBJCRHY-NUKBDRAPSA-K
CHEBI:64361	beta-sesquiphellandrene	PHWISBHSBNDZDX-LSDHHAIUSA-N	PHWISBHSBNDZDX-LSDHHAIUSA-N
CHEBI:64688	artemisinic aldehyde	SVAPNGMAOHQQFJ-UNQGMJICSA-N	SVAPNGMAOHQQFJ-UNQGMJICSA-N
CHEBI:64691	(11R)-dihydroartemisinic aldehyde	PIUSZJFEZXYOAT-QTVXIADOSA-N	PIUSZJFEZXYOAT-QTVXIADOSA-N
CHEBI:64782	(+)-artemisinate	PLQMEXSCSAIXGB-SAXRGWBVSA-M	PLQMEXSCSAIXGB-SAXRGWBVSA-M
CHEBI:64784	[(1R)-2,2,3-trimethyl-5-oxocyclopent-3-enyl]acetyl-CoA(4-)	QRPFCCJPSQOMPY-WNZSEHGDSA-J	QRPFCCJPSQOMPY-WNZSEHGDSA-J
CHEBI:64785	[(2R)-3,3,4-trimethyl-6-oxo-3,6-dihydro-1H-pyran-2-yl]acetyl-CoA(4-)	QVDBPCIECHFDHZ-GBKDGTAPSA-J	QVDBPCIECHFDHZ-GBKDGTAPSA-J
CHEBI:64797	alpha-muurolene	QMAYBMKBYCGXDH-ZNMIVQPWSA-N	QMAYBMKBYCGXDH-ZNMIVQPWSA-N
CHEBI:64798	gamma-muurolene	WRHGORWNJGOVQY-ZNMIVQPWSA-N	WRHGORWNJGOVQY-ZNMIVQPWSA-N
CHEBI:64799	beta-copaene	UPVZPMJSRSWJHQ-XIQJJJERSA-N	UPVZPMJSRSWJHQ-XIQJJJERSA-N
CHEBI:64801	(R)-tetraprenyl-beta-curcumene	JNKLTDAEXGOBGE-NLSUEFBUSA-N	JNKLTDAEXGOBGE-NLSUEFBUSA-N
CHEBI:65037	miltiradiene	BGVUIJDZTQIJIO-AZUAARDMSA-N	BGVUIJDZTQIJIO-AZUAARDMSA-N
CHEBI:6530	longifolene	PDSNLYSELAIEBU-GUIRCDHDSA-N	PDSNLYSELAIEBU-UHFFFAOYSA-N
CHEBI:6570	lupeol	MQYXUWHLBZFQQO-QGTGJCAVSA-N	MQYXUWHLBZFQQO-QGTGJCAVSA-N
CHEBI:66349	variecolin	XAYQASOMEVLRKN-NOJNFTMQSA-N	XAYQASOMEVLRKN-NOJNFTMQSA-N
CHEBI:67182	sporulenol	XKBZJGQFALBSTF-HVUBKZQBSA-N	XKBZJGQFALBSTF-HVUBKZQBSA-N
CHEBI:67260	geranate	ZHYZQXUYZJNEHD-VQHVLOKHSA-M	ZHYZQXUYZJNEHD-VQHVLOKHSA-M
CHEBI:67988	ginsenoside Rd	RLDVZILFNVRJTL-IWFVLDDISA-N	RLDVZILFNVRJTL-IWFVLDDISA-N
CHEBI:67991	(20S)-ginsenoside Rg3	RWXIFXNRCLMQCD-JBVRGBGGSA-N	RWXIFXNRCLMQCD-JBVRGBGGSA-N
CHEBI:68624	cis-abienol	ZAZVCYBIABTSJR-SZAPHMHZSA-N	ZAZVCYBIABTSJR-SZAPHMHZSA-N
CHEBI:68625	valerena-4,7(11)-diene	MZZFDMZYIBWOOA-KWCYVHTRSA-N	MZZFDMZYIBWOOA-KWCYVHTRSA-N
CHEBI:68655	Delta(6)-protoilludene	FBSBGGJQVUYUDB-ZLDLUXBVSA-N	FBSBGGJQVUYUDB-ZLDLUXBVSA-N
CHEBI:68658	(+)-epi-alpha-bisabolol	RGZSQWQPBWRIAQ-GJZGRUSLSA-N	RGZSQWQPBWRIAQ-GJZGRUSLSA-N
CHEBI:68666	(-)-alpha-isocomene	SAOJPWFHRMUCFN-UQOMUDLDSA-N	SAOJPWFHRMUCFN-UQOMUDLDSA-N
CHEBI:68667	(E)-2-epi-beta-caryophyllene	NPNUFJAVOOONJE-QWAJQTJBSA-N	NPNUFJAVOOONJE-QWAJQTJBSA-N
CHEBI:69021	berkeleydione	RBGYOLFHIDJTOX-VMXKAMJHSA-N	RBGYOLFHIDJTOX-VMXKAMJHSA-N
CHEBI:69022	berkeleytrione	BNDPVNXDSQOTOY-OKCDOLPESA-N	BNDPVNXDSQOTOY-OKCDOLPESA-N
CHEBI:69023	preaustinoid A	IRPHRMHQEPXQQF-RFMSQVAGSA-N	IRPHRMHQEPXQQF-RFMSQVAGSA-N
CHEBI:69024	berkeleyone A	NNHHTFDBMMPBSL-JFPRQHOTSA-N	NNHHTFDBMMPBSL-JFPRQHOTSA-N
CHEBI:69025	berkeleyone B	IWYHWTWGKBGNTO-GSISZECUSA-N	IWYHWTWGKBGNTO-GSISZECUSA-N
CHEBI:69026	preaustinoid A1	XBLDTXYFLHSWHN-RFMSQVAGSA-N	XBLDTXYFLHSWHN-RFMSQVAGSA-N
CHEBI:7	(+)-car-3-ene	BQOFWKZOCNGFEC-BDAKNGLRSA-N	BQOFWKZOCNGFEC-BDAKNGLRSA-N
CHEBI:71410	7-methyl-3-oxooct-6-enoyl-CoA(4-)	LPMIXVANMSEERY-FUEUKBNZSA-J	LPMIXVANMSEERY-FUEUKBNZSA-J
CHEBI:72776	kunzeaol	PXMCURAOQSNMOZ-MDKMTUDGSA-N	PXMCURAOQSNMOZ-MDKMTUDGSA-N
CHEBI:74299	geranyllinalool	IQDXAJNQKSIPGB-HQSZAHFGSA-N	IQDXAJNQKSIPGB-HQSZAHFGSA-N
CHEBI:74322	4,8,12-trimethyltrideca 1,3,7,11-tetraene	CWLVBFJCJXHUCF-RNPYNJAESA-N	CWLVBFJCJXHUCF-RNPYNJAESA-N
CHEBI:75950	(20S)-protopanaxadiol	PYXFVCFISTUSOO-HKUCOEKDSA-N	PYXFVCFISTUSOO-HKUCOEKDSA-N
CHEBI:76625	11,12-EET(1-)	DXOYQVHGIODESM-KROJNAHFSA-M	DXOYQVHGIODESM-KROJNAHFSA-M
CHEBI:76627	19-HETE(1-)	XFUXZHQUWPFWPR-TWVHMNNTSA-M	XFUXZHQUWPFWPR-TWVHMNNTSA-M
CHEBI:76634	17(R),18(S)-EETeTr(1-)	GPQVVJQEBXAKBJ-VDTDYMMTSA-M	GPQVVJQEBXAKBJ-VDTDYMMTSA-M
CHEBI:76636	19-HEPE(1-)	SQEKYOLLXDEHLF-LJFNSOSFSA-M	SQEKYOLLXDEHLF-LJFNSOSFSA-M
CHEBI:76954	(13S)-vitexifolin A	CECREIRZLPLYDM-PIKOESSRSA-N	CECREIRZLPLYDM-PIKOESSRSA-N
CHEBI:77016	(4Z,7Z,10Z,13Z,16Z,19Z)-docosahexaenoate	MBMBGCFOFBJSGT-KUBAVDMBSA-M	MBMBGCFOFBJSGT-KUBAVDMBSA-M
CHEBI:77092	fenbendazole	HDDSHPAODJUKPD-UHFFFAOYSA-N	HDDSHPAODJUKPD-UHFFFAOYSA-N
CHEBI:77145	ginsenoside F2	SWIROVJVGRGSPO-JBVRGBGGSA-N	SWIROVJVGRGSPO-JBVRGBGGSA-N
CHEBI:77146	ginsenoside C-K	FVIZARNDLVOMSU-IRFFNABBSA-N	FVIZARNDLVOMSU-IRFFNABBSA-N
CHEBI:77147	(20S)-ginsenoside Rh2	CKUVNOCSBYYHIS-IRFFNABBSA-N	CKUVNOCSBYYHIS-IRFFNABBSA-N
CHEBI:77895	9(R)-HODE(1-)	NPDSHTNEKLQQIJ-WXUVIADPSA-M	NPDSHTNEKLQQIJ-WXUVIADPSA-M
CHEBI:78043	(5Z,8Z,11Z)-icosatrienoate	UNSRRHDPHVZAHH-YOILPLPUSA-M	UNSRRHDPHVZAHH-YOILPLPUSA-M
CHEBI:78293	ophiobolin F	JNYWQVTXIGGOTC-AIKDQUDGSA-N	JNYWQVTXIGGOTC-AIKDQUDGSA-N
CHEBI:78352	cyclooctat-9-en-7-ol	JEGYHIKVYHOKQY-PNDCXJIESA-N	JEGYHIKVYHOKQY-PNDCXJIESA-N
CHEBI:78370	cyclooctatin	MSKFOQCDNOFJAT-SOFYXZRVSA-N	MSKFOQCDNOFJAT-VCRXIKTMSA-N
CHEBI:78836	11(R)-HETE(1-)	GCZRCCHPLVMMJE-WXMXURGXSA-M	GCZRCCHPLVMMJE-WXMXURGXSA-M
CHEBI:78837	15(R)-HETE(1-)	JSFATNQSLKRBCI-UDQWCNDOSA-M	JSFATNQSLKRBCI-UDQWCNDOSA-M
CHEBI:78884	4-terpineol	WRYLYDPHFGVWKC-UHFFFAOYSA-N	WRYLYDPHFGVWKC-UHFFFAOYSA-N
CHEBI:7940	patchouli alcohol	GGHMUJBZYLPWFD-CUZKYEQNSA-N	GGHMUJBZYLPWFD-CUZKYEQNSA-N
CHEBI:80749	alpha-cadinene	QMAYBMKBYCGXDH-KKUMJFAQSA-N	QMAYBMKBYCGXDH-KKUMJFAQSA-N
CHEBI:80940	beta-gurjunene	IRCZVRWQUNZGSH-DKTYCGPESA-N	IRCZVRWQUNZGSH-DKTYCGPESA-N
CHEBI:8210	pimara-8(14),15-diene	XDSYKASBVOZOAG-RAUXBKROSA-N	XDSYKASBVOZOAG-RAUXBKROSA-N
CHEBI:82798	cembrene C	SHVZFTWRFOQOFU-GDVLXBNMSA-N	SHVZFTWRFOQOFU-GDVLXBNMSA-N
CHEBI:82799	(R)-nephthenol	ZJWQYSDAWSDJRA-QPHFJTKNSA-N	ZJWQYSDAWSDJRA-QPHFJTKNSA-N
CHEBI:82800	(R)-cembrene A	VWSPQDDPRITBAM-KPGNMOGWSA-N	VWSPQDDPRITBAM-KPGNMOGWSA-N
CHEBI:82801	(1S,4E,8E,12E)-2,2,5,9,13-pentamethylcyclopentadeca-4,8,12-trien-1-ol	BAHYVRQOLFYWAA-CRVSJLGISA-N	BAHYVRQOLFYWAA-CRVSJLGISA-N
CHEBI:83343	12(R)-HETE(1-)	ZNHVWPKMFKADKW-ZYBDYUKJSA-M	ZNHVWPKMFKADKW-ZYBDYUKJSA-M
CHEBI:84024	14,15-EET(1-)	JBSCUHKPLGKXKH-ILYOTBPNSA-M	JBSCUHKPLGKXKH-ILYOTBPNSA-M
CHEBI:87574	(Z)-beta-ocimene	IHPKGUQCSIINRJ-NTMALXAHSA-N	IHPKGUQCSIINRJ-NTMALXAHSA-N
CHEBI:88107	geranyl phosphate(2-)	FFOWJDCTFSWUMJ-JXMROGBWSA-L	FFOWJDCTFSWUMJ-JXMROGBWSA-L
CHEBI:88840	isoterpinolene	CIPXOBMYVWRNLL-UHFFFAOYSA-N	CIPXOBMYVWRNLL-UHFFFAOYSA-N
CHEBI:89	(-)-camphene	CRPUJAZIXJMDBK-BDAKNGLRSA-N	CRPUJAZIXJMDBK-BDAKNGLRSA-N
CHEBI:9053	sclareol	XVULBTBTFGYVRC-HHUCQEJWSA-N	XVULBTBTFGYVRC-HHUCQEJWSA-N
CHEBI:9402	taraxerol	GGGUGZHBAOMSFJ-GADYQYKKSA-N	GGGUGZHBAOMSFJ-GADYQYKKSA-N
CHEBI:9457	terpinolene	MOYAFQVGZZPNRA-UHFFFAOYSA-N	MOYAFQVGZZPNRA-UHFFFAOYSA-N
CHEBI:9493	tetrahymanol	BFNSRKHIVITRJP-VJBYBJRLSA-N	BFNSRKHIVITRJP-VJBYBJRLSA-N
CHEBI:98	(S)-linalool	CDOSHBSSFJOMGT-SNVBAGLBSA-N	CDOSHBSSFJOMGT-SNVBAGLBSA-N
